make  all-recursive
make[1]: Entering directory '/home/szefi/Documents/exp-abi/src'
Making all in af
make[2]: Entering directory '/home/szefi/Documents/exp-abi/src/af'
Making all in ev
make[3]: Entering directory '/home/szefi/Documents/exp-abi/src/af/ev'
  CXX      xp/ev_EditBinding.lo
  CXX      xp/ev_EditEventMapper.lo
  CXX      xp/ev_EditMethod.lo
  CXX      xp/ev_Keyboard.lo
  CXX      xp/ev_Menu_Actions.lo
  CXX      xp/ev_Menu.lo
  CXX      xp/ev_Menu_Labels.lo
  CXX      xp/ev_Menu_Layouts.lo
  CXX      xp/ev_Mouse.lo
  CXX      xp/ev_NamedVirtualKey.lo
  CXX      xp/ev_Toolbar_Actions.lo
  CXX      xp/ev_Toolbar_Control.lo
  CXX      xp/ev_Toolbar.lo
  CXX      xp/ev_Toolbar_Labels.lo
  CXX      xp/ev_Toolbar_Layouts.lo
  CXX      gtk/ev_UnixFontCombo.lo
  CXX      gtk/ev_UnixKeyboard.lo
  CXX      gtk/ev_UnixMenu.lo
  CXX      gtk/ev_UnixMouse.lo
  CXX      gtk/ev_UnixToolbar.lo
  CXX      gtk/ev_UnixToolbar_ViewListener.lo
gtk/ev_UnixToolbar.cpp: In function 'GtkWidget* abi_color_button_new(const gchar*, const gchar*, gboolean, _wd*)':
gtk/ev_UnixToolbar.cpp:497:59: warning: 'GtkWidget* gtk_color_chooser_widget_new()' is deprecated [-Wdeprecated-declarations]
  497 |         GtkWidget * chooser = gtk_color_chooser_widget_new();
      |                               ~~~~~~~~~~~~~~~~~~~~~~~~~~~~^~
In file included from /usr/include/gtk-4.0/gtk/gtk.h:85,
                 from gtk/ev_UnixToolbar.cpp:42:
/usr/include/gtk-4.0/gtk/deprecated/gtkcolorchooserwidget.h:38:13: note: declared here
   38 | GtkWidget * gtk_color_chooser_widget_new      (void);
      |             ^~~~~~~~~~~~~~~~~~~~~~~~~~~~
gtk/ev_UnixToolbar.cpp:498:40: warning: 'void gtk_color_chooser_set_use_alpha(GtkColorChooser*, gboolean)' is deprecated [-Wdeprecated-declarations]
  498 |         gtk_color_chooser_set_use_alpha(GTK_COLOR_CHOOSER(chooser), FALSE);
      |         ~~~~~~~~~~~~~~~~~~~~~~~~~~~~~~~^~~~~~~~~~~~~~~~~~~~~~~~~~~~~~~~~~~
In file included from /usr/include/gtk-4.0/gtk/gtk.h:83:
/usr/include/gtk-4.0/gtk/deprecated/gtkcolorchooser.h:75:10: note: declared here
   75 | void     gtk_color_chooser_set_use_alpha  (GtkColorChooser *chooser,
      |          ^~~~~~~~~~~~~~~~~~~~~~~~~~~~~~~
  CXXLD    libev.la
make[3]: Leaving directory '/home/szefi/Documents/exp-abi/src/af/ev'
Making all in gr
make[3]: Entering directory '/home/szefi/Documents/exp-abi/src/af/gr'
  CXX      xp/gr_Caret.lo
  CXX      xp/gr_CharWidthsCache.lo
  CXX      xp/gr_CharWidths.lo
  CXX      xp/gr_DrawArgs.lo
  CXX      xp/gr_EmbedManager.lo
xp/gr_CharWidths.cpp: In member function 'void GR_CharWidths::setWidth(UT_UCS4Char, UT_sint32)':
xp/gr_CharWidths.cpp:57:32: warning: comparison of integer expressions of different signedness: 'std::vector<GR_CharWidths::Array256*>::size_type' {aka 'long unsigned int'} and 'UT_sint32' {aka 'int'} [-Wsign-compare]
   57 |         if (m_vecHiByte.size() > hi)
      |             ~~~~~~~~~~~~~~~~~~~^~~~
xp/gr_CharWidths.cpp:67:32: warning: comparison of integer expressions of different signedness: 'std::vector<GR_CharWidths::Array256*>::size_type' {aka 'long unsigned int'} and 'UT_sint32' {aka 'int'} [-Wsign-compare]
   67 |         if (m_vecHiByte.size() <= hi)
      |             ~~~~~~~~~~~~~~~~~~~^~~~~
xp/gr_CharWidths.cpp: In member function 'UT_sint32 GR_CharWidths::getWidth(UT_UCS4Char) const':
xp/gr_CharWidths.cpp:86:32: warning: comparison of integer expressions of different signedness: 'std::vector<GR_CharWidths::Array256*>::size_type' {aka 'long unsigned int'} and 'UT_sint32' {aka 'int'} [-Wsign-compare]
   86 |         if (m_vecHiByte.size() > hi)
      |             ~~~~~~~~~~~~~~~~~~~^~~~
  CXX      xp/gr_Graphics.lo
  CXX      xp/gr_Image.lo
  CXX      xp/gr_Painter.lo
xp/gr_EmbedManager.cpp: In destructor 'virtual GR_EmbedManager::~GR_EmbedManager()':
xp/gr_EmbedManager.cpp:117:13: warning: comparison of integer expressions of different signedness: 'UT_sint32' {aka 'int'} and 'std::vector<GR_EmbedView*>::size_type' {aka 'long unsigned int'} [-Wsign-compare]
  117 |   for(i=0; i<m_vecSnapshots.size(); i++)
      |            ~^~~~~~~~~~~~~~~~~~~~~~
xp/gr_EmbedManager.cpp: In member function 'virtual void GR_EmbedManager::setGraphics(GR_Graphics*)':
xp/gr_EmbedManager.cpp:141:15: warning: comparison of integer expressions of different signedness: 'UT_sint32' {aka 'int'} and 'std::vector<GR_EmbedView*>::size_type' {aka 'long unsigned int'} [-Wsign-compare]
  141 |     for(i=0; i< m_vecSnapshots.size(); i++)
      |              ~^~~~~~~~~~~~~~~~~~~~~~~
xp/gr_EmbedManager.cpp: In member function 'virtual void GR_EmbedManager::makeSnapShot(UT_sint32, UT_Rect&)':
xp/gr_EmbedManager.cpp:257:43: warning: comparison of integer expressions of different signedness: 'UT_sint32' {aka 'int'} and 'std::vector<GR_EmbedView*>::size_type' {aka 'long unsigned int'} [-Wsign-compare]
  257 |   if((m_vecSnapshots.size() == 0) || (uid >= m_vecSnapshots.size()))
      |                                       ~~~~^~~~~~~~~~~~~~~~~~~~~~~~
xp/gr_EmbedManager.cpp: In member function 'virtual bool GR_EmbedManager::changeAPI(UT_sint32, UT_uint32)':
xp/gr_EmbedManager.cpp:297:43: warning: comparison of integer expressions of different signedness: 'UT_sint32' {aka 'int'} and 'std::vector<GR_EmbedView*>::size_type' {aka 'long unsigned int'} [-Wsign-compare]
  297 |   if((m_vecSnapshots.size() == 0) || (uid >= m_vecSnapshots.size()))
      |                                       ~~~~^~~~~~~~~~~~~~~~~~~~~~~~
xp/gr_EmbedManager.cpp: In member function 'virtual void GR_EmbedManager::releaseEmbedView(UT_sint32)':
xp/gr_EmbedManager.cpp:488:43: warning: comparison of integer expressions of different signedness: 'UT_sint32' {aka 'int'} and 'std::vector<GR_EmbedView*>::size_type' {aka 'long unsigned int'} [-Wsign-compare]
  488 |   if((m_vecSnapshots.size() == 0) || (uid >= m_vecSnapshots.size()))
      |                                       ~~~~^~~~~~~~~~~~~~~~~~~~~~~~
In file included from ../../../src/af/util/xp/ut_stringbuf.h:33,
                 from ../../../src/af/util/xp/ut_string_class.h:43,
                 from ../../../src/af/xap/xp/xap_App.h:28,
                 from xp/gr_Graphics.cpp:36:
xp/gr_RenderInfo.h: In member function 'UT_uint32 GR_Itemization::getNthLength(UT_sint32)':
xp/gr_RenderInfo.h:143:75: warning: comparison of integer expressions of different signedness: 'UT_sint32' {aka 'int'} and 'std::vector<int>::size_type' {aka 'long unsigned int'} [-Wsign-compare]
  143 |                                                   UT_return_val_if_fail(i < m_vOffsets.size()-1, 0);
      |                                                                         ~~^~~~~~~~~~~~~~~~~~~~~
../../../src/af/util/xp/ut_assert.h:108:48: note: in definition of macro 'UT_return_val_if_fail'
  108 | #define UT_return_val_if_fail(cond, val) if (!(cond)) { UT_ASSERT(cond); return (val); }
      |                                                ^~~~
xp/gr_Graphics.cpp: In member function 'void AllCarets::enable()':
xp/gr_Graphics.cpp:147:30: warning: comparison of integer expressions of different signedness: 'UT_sint32' {aka 'int'} and 'std::vector<GR_Caret*>::size_type' {aka 'long unsigned int'} [-Wsign-compare]
  147 |         for(UT_sint32 i =0; i< m_vecCarets->size();i++)
      |                             ~^~~~~~~~~~~~~~~~~~~~~
xp/gr_Graphics.cpp: In member function 'void AllCarets::JustErase(UT_sint32, UT_sint32)':
xp/gr_Graphics.cpp:158:30: warning: comparison of integer expressions of different signedness: 'UT_sint32' {aka 'int'} and 'std::vector<GR_Caret*>::size_type' {aka 'long unsigned int'} [-Wsign-compare]
  158 |         for(UT_sint32 i =0; i< m_vecCarets->size();i++)
      |                             ~^~~~~~~~~~~~~~~~~~~~~
xp/gr_Graphics.cpp: In member function 'void AllCarets::disable(bool)':
xp/gr_Graphics.cpp:169:30: warning: comparison of integer expressions of different signedness: 'UT_sint32' {aka 'int'} and 'std::vector<GR_Caret*>::size_type' {aka 'long unsigned int'} [-Wsign-compare]
  169 |         for(UT_sint32 i =0; i< m_vecCarets->size();i++)
      |                             ~^~~~~~~~~~~~~~~~~~~~~
xp/gr_Graphics.cpp: In member function 'void AllCarets::setBlink(bool)':
xp/gr_Graphics.cpp:179:30: warning: comparison of integer expressions of different signedness: 'UT_sint32' {aka 'int'} and 'std::vector<GR_Caret*>::size_type' {aka 'long unsigned int'} [-Wsign-compare]
  179 |         for(UT_sint32 i =0; i< m_vecCarets->size();i++)
      |                             ~^~~~~~~~~~~~~~~~~~~~~
xp/gr_Graphics.cpp: In member function 'bool AllCarets::doBlinkIfNeeded()':
xp/gr_Graphics.cpp:191:38: warning: comparison of integer expressions of different signedness: 'UT_sint32' {aka 'int'} and 'std::vector<GR_Caret*>::size_type' {aka 'long unsigned int'} [-Wsign-compare]
  191 |                 for(UT_sint32 i =0; i< m_vecCarets->size();i++)
      |                                     ~^~~~~~~~~~~~~~~~~~~~~
xp/gr_Graphics.cpp: In member function 'void AllCarets::setWindowSize(UT_uint32, UT_uint32)':
xp/gr_Graphics.cpp:203:30: warning: comparison of integer expressions of different signedness: 'UT_sint32' {aka 'int'} and 'std::vector<GR_Caret*>::size_type' {aka 'long unsigned int'} [-Wsign-compare]
  203 |         for(UT_sint32 i =0; i< m_vecCarets->size();i++)
      |                             ~^~~~~~~~~~~~~~~~~~~~~
xp/gr_Graphics.cpp: In member function 'void AllCarets::setCoords(UT_sint32, UT_sint32, UT_uint32, UT_sint32, UT_sint32, UT_uint32, bool, const UT_RGBColor*)':
xp/gr_Graphics.cpp:222:30: warning: comparison of integer expressions of different signedness: 'UT_sint32' {aka 'int'} and 'std::vector<GR_Caret*>::size_type' {aka 'long unsigned int'} [-Wsign-compare]
  222 |         for(UT_sint32 i =0; i< m_vecCarets->size();i++)
      |                             ~^~~~~~~~~~~~~~~~~~~~~
xp/gr_Graphics.cpp: In member function 'void AllCarets::setInsertMode(bool)':
xp/gr_Graphics.cpp:232:30: warning: comparison of integer expressions of different signedness: 'UT_sint32' {aka 'int'} and 'std::vector<GR_Caret*>::size_type' {aka 'long unsigned int'} [-Wsign-compare]
  232 |         for(UT_sint32 i =0; i< m_vecCarets->size();i++)
      |                             ~^~~~~~~~~~~~~~~~~~~~~
xp/gr_Graphics.cpp: In member function 'void AllCarets::forceDraw()':
xp/gr_Graphics.cpp:244:30: warning: comparison of integer expressions of different signedness: 'UT_sint32' {aka 'int'} and 'std::vector<GR_Caret*>::size_type' {aka 'long unsigned int'} [-Wsign-compare]
  244 |         for(UT_sint32 i =0; i< m_vecCarets->size();i++)
      |                             ~^~~~~~~~~~~~~~~~~~~~~
xp/gr_Graphics.cpp: In destructor 'virtual GR_Graphics::~GR_Graphics()':
xp/gr_Graphics.cpp:320:19: warning: comparison of integer expressions of different signedness: 'UT_sint32' {aka 'int'} and 'std::vector<GR_Caret*>::size_type' {aka 'long unsigned int'} [-Wsign-compare]
  320 |         for(i=0; i< m_vecCarets.size();i++)
      |                  ~^~~~~~~~~~~~~~~~~~~~
xp/gr_Graphics.cpp: In member function 'GR_Caret* GR_Graphics::getNthCaret(UT_sint32) const':
xp/gr_Graphics.cpp:384:14: warning: comparison of integer expressions of different signedness: 'UT_sint32' {aka 'int'} and 'std::vector<GR_Caret*>::size_type' {aka 'long unsigned int'} [-Wsign-compare]
  384 |         if (i>= m_vecCarets.size())
      |             ~^~~~~~~~~~~~~~~~~~~~~
xp/gr_Graphics.cpp: In member function 'GR_Caret* GR_Graphics::getCaret(const std::string&) const':
xp/gr_Graphics.cpp:392:19: warning: comparison of integer expressions of different signedness: 'UT_sint32' {aka 'int'} and 'std::vector<GR_Caret*>::size_type' {aka 'long unsigned int'} [-Wsign-compare]
  392 |         for(i=0; i<m_vecCarets.size();i++)
      |                  ~^~~~~~~~~~~~~~~~~~~
xp/gr_Graphics.cpp: In member function 'void GR_Graphics::removeCaret(const std::string&)':
xp/gr_Graphics.cpp:426:32: warning: comparison of integer expressions of different signedness: 'UT_sint32' {aka 'int'} and 'std::vector<GR_Caret*>::size_type' {aka 'long unsigned int'} [-Wsign-compare]
  426 |         for(UT_sint32 i = 0; i < m_vecCarets.size(); i++)
      |                              ~~^~~~~~~~~~~~~~~~~~~~
  CXX      xp/gr_RenderInfo.lo
xp/gr_Image.cpp: In member function 'UT_sint32 GR_Image::GetOffsetFromRight(GR_Graphics*, UT_sint32, UT_sint32, UT_sint32)':
xp/gr_Image.cpp:199:17: warning: comparison of integer expressions of different signedness: 'UT_sint32' {aka 'int'} and 'std::vector<GR_Image_Point*>::size_type' {aka 'long unsigned int'} [-Wsign-compare]
  199 |   for(i=nPts; i < m_vecOutLine.size();i++)
      |               ~~^~~~~~~~~~~~~~~~~~~~~
  CXX      xp/gr_Transform.lo
  CXX      xp/gr_VectorImage.lo
  CXX      xp/gr_CairoGraphics.lo
  CXX      xp/gr_CairoNullGraphics.lo
In file included from xp/gr_RenderInfo.cpp:22:
xp/gr_RenderInfo.h: In member function 'UT_uint32 GR_Itemization::getNthLength(UT_sint32)':
xp/gr_RenderInfo.h:143:75: warning: comparison of integer expressions of different signedness: 'UT_sint32' {aka 'int'} and 'std::vector<int>::size_type' {aka 'long unsigned int'} [-Wsign-compare]
  143 |                                                   UT_return_val_if_fail(i < m_vOffsets.size()-1, 0);
      |                                                                         ~~^~~~~~~~~~~~~~~~~~~~~
../../../src/af/util/xp/ut_assert.h:108:48: note: in definition of macro 'UT_return_val_if_fail'
  108 | #define UT_return_val_if_fail(cond, val) if (!(cond)) { UT_ASSERT(cond); return (val); }
      |                                                ^~~~
  CXX      xp/gr_MathTypesetter.lo
In file included from ../../../src/af/util/xp/ut_stringbuf.h:33,
                 from ../../../src/af/util/xp/ut_string_class.h:43,
                 from xp/gr_CairoGraphics.h:34,
                 from xp/gr_CairoGraphics.cpp:31:
xp/gr_RenderInfo.h: In member function 'UT_uint32 GR_Itemization::getNthLength(UT_sint32)':
xp/gr_RenderInfo.h:143:75: warning: comparison of integer expressions of different signedness: 'UT_sint32' {aka 'int'} and 'std::vector<int>::size_type' {aka 'long unsigned int'} [-Wsign-compare]
  143 |                                                   UT_return_val_if_fail(i < m_vOffsets.size()-1, 0);
      |                                                                         ~~^~~~~~~~~~~~~~~~~~~~~
../../../src/af/util/xp/ut_assert.h:108:48: note: in definition of macro 'UT_return_val_if_fail'
  108 | #define UT_return_val_if_fail(cond, val) if (!(cond)) { UT_ASSERT(cond); return (val); }
      |                                                ^~~~
  CXX      gtk/gr_CairoPrintGraphics.lo
In file included from xp/gr_CairoNullGraphics.cpp:20:
xp/gr_RenderInfo.h: In member function 'UT_uint32 GR_Itemization::getNthLength(UT_sint32)':
xp/gr_RenderInfo.h:143:75: warning: comparison of integer expressions of different signedness: 'UT_sint32' {aka 'int'} and 'std::vector<int>::size_type' {aka 'long unsigned int'} [-Wsign-compare]
  143 |                                                   UT_return_val_if_fail(i < m_vOffsets.size()-1, 0);
      |                                                                         ~~^~~~~~~~~~~~~~~~~~~~~
../../../src/af/util/xp/ut_assert.h:108:48: note: in definition of macro 'UT_return_val_if_fail'
  108 | #define UT_return_val_if_fail(cond, val) if (!(cond)) { UT_ASSERT(cond); return (val); }
      |                                                ^~~~
  CXX      gtk/gr_GtkMathManager.lo
  CXX      gtk/gr_GtkMediaManager.lo
  CXX      gtk/gr_UnixCairoGraphics.lo
In file included from ../../../src/af/util/xp/ut_stringbuf.h:33,
                 from ../../../src/af/util/xp/ut_string_class.h:43,
                 from ../../../src/af/gr/xp/gr_CairoGraphics.h:34,
                 from gtk/gr_UnixCairoGraphics.h:27,
                 from gtk/gr_CairoPrintGraphics.h:29,
                 from gtk/gr_CairoPrintGraphics.cpp:22:
../../../src/af/gr/xp/gr_RenderInfo.h: In member function 'UT_uint32 GR_Itemization::getNthLength(UT_sint32)':
../../../src/af/gr/xp/gr_RenderInfo.h:143:75: warning: comparison of integer expressions of different signedness: 'UT_sint32' {aka 'int'} and 'std::vector<int>::size_type' {aka 'long unsigned int'} [-Wsign-compare]
  143 |                                                   UT_return_val_if_fail(i < m_vOffsets.size()-1, 0);
      |                                                                         ~~^~~~~~~~~~~~~~~~~~~~~
../../../src/af/util/xp/ut_assert.h:108:48: note: in definition of macro 'UT_return_val_if_fail'
  108 | #define UT_return_val_if_fail(cond, val) if (!(cond)) { UT_ASSERT(cond); return (val); }
      |                                                ^~~~
  CXX      gtk/gr_UnixImage.lo
In file included from ../../../src/af/util/xp/ut_stringbuf.h:33,
                 from ../../../src/af/util/xp/ut_string_class.h:43,
                 from ../../../src/af/gr/xp/gr_EmbedManager.h:25,
                 from gtk/gr_GtkMathManager.h:29,
                 from gtk/gr_GtkMathManager.cpp:24:
../../../src/af/gr/xp/gr_RenderInfo.h: In member function 'UT_uint32 GR_Itemization::getNthLength(UT_sint32)':
../../../src/af/gr/xp/gr_RenderInfo.h:143:75: warning: comparison of integer expressions of different signedness: 'UT_sint32' {aka 'int'} and 'std::vector<int>::size_type' {aka 'long unsigned int'} [-Wsign-compare]
  143 |                                                   UT_return_val_if_fail(i < m_vOffsets.size()-1, 0);
      |                                                                         ~~^~~~~~~~~~~~~~~~~~~~~
../../../src/af/util/xp/ut_assert.h:108:48: note: in definition of macro 'UT_return_val_if_fail'
  108 | #define UT_return_val_if_fail(cond, val) if (!(cond)) { UT_ASSERT(cond); return (val); }
      |                                                ^~~~
gtk/gr_GtkMathManager.cpp: In destructor 'virtual GR_GtkMathManager::~GR_GtkMathManager()':
gtk/gr_GtkMathManager.cpp:45:33: warning: comparison of integer expressions of different signedness: 'UT_sint32' {aka 'int'} and 'std::vector<GR_GtkMathManager::MathItem*>::size_type' {aka 'long unsigned int'} [-Wsign-compare]
   45 |         for (UT_sint32 i = 0; i < m_items.size(); ++i)
      |                               ~~^~~~~~~~~~~~~~~~
gtk/gr_GtkMathManager.cpp: In member function 'GR_GtkMathManager::MathItem* GR_GtkMathManager::_item(UT_sint32)':
gtk/gr_GtkMathManager.cpp:96:28: warning: comparison of integer expressions of different signedness: 'UT_sint32' {aka 'int'} and 'std::vector<GR_GtkMathManager::MathItem*>::size_type' {aka 'long unsigned int'} [-Wsign-compare]
   96 |         if (uid < 0 || uid >= m_items.size())
      |                        ~~~~^~~~~~~~~~~~~~~~~
  CXX      gtk/gr_CairoImage.lo
In file included from ../../../src/af/util/xp/ut_stringbuf.h:33,
                 from ../../../src/af/util/xp/ut_string_class.h:43,
                 from ../../../src/af/gr/xp/gr_EmbedManager.h:25,
                 from gtk/gr_GtkMediaManager.h:30,
                 from gtk/gr_GtkMediaManager.cpp:25:
../../../src/af/gr/xp/gr_RenderInfo.h: In member function 'UT_uint32 GR_Itemization::getNthLength(UT_sint32)':
../../../src/af/gr/xp/gr_RenderInfo.h:143:75: warning: comparison of integer expressions of different signedness: 'UT_sint32' {aka 'int'} and 'std::vector<int>::size_type' {aka 'long unsigned int'} [-Wsign-compare]
  143 |                                                   UT_return_val_if_fail(i < m_vOffsets.size()-1, 0);
      |                                                                         ~~^~~~~~~~~~~~~~~~~~~~~
../../../src/af/util/xp/ut_assert.h:108:48: note: in definition of macro 'UT_return_val_if_fail'
  108 | #define UT_return_val_if_fail(cond, val) if (!(cond)) { UT_ASSERT(cond); return (val); }
      |                                                ^~~~
In file included from ../../../src/af/util/xp/ut_stringbuf.h:33,
                 from ../../../src/af/util/xp/ut_string_class.h:43,
                 from ../../../src/af/gr/xp/gr_CairoGraphics.h:34,
                 from gtk/gr_UnixCairoGraphics.h:27,
                 from gtk/gr_UnixCairoGraphics.cpp:26:
../../../src/af/gr/xp/gr_RenderInfo.h: In member function 'UT_uint32 GR_Itemization::getNthLength(UT_sint32)':
../../../src/af/gr/xp/gr_RenderInfo.h:143:75: warning: comparison of integer expressions of different signedness: 'UT_sint32' {aka 'int'} and 'std::vector<int>::size_type' {aka 'long unsigned int'} [-Wsign-compare]
  143 |                                                   UT_return_val_if_fail(i < m_vOffsets.size()-1, 0);
      |                                                                         ~~^~~~~~~~~~~~~~~~~~~~~
../../../src/af/util/xp/ut_assert.h:108:48: note: in definition of macro 'UT_return_val_if_fail'
  108 | #define UT_return_val_if_fail(cond, val) if (!(cond)) { UT_ASSERT(cond); return (val); }
      |                                                ^~~~
gtk/gr_UnixCairoGraphics.cpp: In member function 'virtual void GR_UnixCairoGraphics::fillRect(GR_Graphics::GR_Color3D, UT_sint32, UT_sint32, UT_sint32, UT_sint32)':
gtk/gr_UnixCairoGraphics.cpp:707:39: warning: 'void gtk_render_background(GtkStyleContext*, cairo_t*, double, double, double, double)' is deprecated [-Wdeprecated-declarations]
  707 |                 gtk_render_background (context, m_cr, tdu(x), tdu(y), tdu(w), tdu(h));
      |                 ~~~~~~~~~~~~~~~~~~~~~~^~~~~~~~~~~~~~~~~~~~~~~~~~~~~~~~~~~~~~~~~~~~~~~
In file included from /usr/include/gtk-4.0/gtk/gtk.h:223,
                 from gtk/gr_UnixCairoGraphics.cpp:23:
/usr/include/gtk-4.0/gtk/deprecated/gtkrender.h:56:13: note: declared here
   56 | void        gtk_render_background  (GtkStyleContext     *context,
      |             ^~~~~~~~~~~~~~~~~~~~~
gtk/gr_UnixCairoGraphics.cpp:708:34: warning: 'void gtk_render_frame(GtkStyleContext*, cairo_t*, double, double, double, double)' is deprecated [-Wdeprecated-declarations]
  708 |                 gtk_render_frame (context, m_cr, tdu(x), tdu(y), tdu(w), tdu(h));
      |                 ~~~~~~~~~~~~~~~~~^~~~~~~~~~~~~~~~~~~~~~~~~~~~~~~~~~~~~~~~~~~~~~~
/usr/include/gtk-4.0/gtk/deprecated/gtkrender.h:64:13: note: declared here
   64 | void        gtk_render_frame       (GtkStyleContext     *context,
      |             ^~~~~~~~~~~~~~~~
In file included from ../../../src/af/util/xp/ut_stringbuf.h:33,
                 from ../../../src/af/util/xp/ut_string_class.h:43,
                 from ../../../src/af/gr/xp/gr_CairoGraphics.h:34,
                 from gtk/gr_UnixImage.h:24,
                 from gtk/gr_UnixImage.cpp:22:
../../../src/af/gr/xp/gr_RenderInfo.h: In member function 'UT_uint32 GR_Itemization::getNthLength(UT_sint32)':
../../../src/af/gr/xp/gr_RenderInfo.h:143:75: warning: comparison of integer expressions of different signedness: 'UT_sint32' {aka 'int'} and 'std::vector<int>::size_type' {aka 'long unsigned int'} [-Wsign-compare]
  143 |                                                   UT_return_val_if_fail(i < m_vOffsets.size()-1, 0);
      |                                                                         ~~^~~~~~~~~~~~~~~~~~~~~
../../../src/af/util/xp/ut_assert.h:108:48: note: in definition of macro 'UT_return_val_if_fail'
  108 | #define UT_return_val_if_fail(cond, val) if (!(cond)) { UT_ASSERT(cond); return (val); }
      |                                                ^~~~
In file included from ../../../src/af/util/xp/ut_stringbuf.h:33,
                 from ../../../src/af/util/xp/ut_string_class.h:43,
                 from ../../../src/af/gr/xp/gr_CairoGraphics.h:34,
                 from gtk/gr_CairoImage.h:26,
                 from gtk/gr_CairoImage.cpp:23:
../../../src/af/gr/xp/gr_RenderInfo.h: In member function 'UT_uint32 GR_Itemization::getNthLength(UT_sint32)':
../../../src/af/gr/xp/gr_RenderInfo.h:143:75: warning: comparison of integer expressions of different signedness: 'UT_sint32' {aka 'int'} and 'std::vector<int>::size_type' {aka 'long unsigned int'} [-Wsign-compare]
  143 |                                                   UT_return_val_if_fail(i < m_vOffsets.size()-1, 0);
      |                                                                         ~~^~~~~~~~~~~~~~~~~~~~~
../../../src/af/util/xp/ut_assert.h:108:48: note: in definition of macro 'UT_return_val_if_fail'
  108 | #define UT_return_val_if_fail(cond, val) if (!(cond)) { UT_ASSERT(cond); return (val); }
      |                                                ^~~~
  CXXLD    libgr.la
make[3]: Leaving directory '/home/szefi/Documents/exp-abi/src/af/gr'
Making all in tf
make[3]: Entering directory '/home/szefi/Documents/exp-abi/src/af/tf'
  CXX      xp/tf_test.lo
  CXXLD    libabinova-4.0-test.la
make[3]: Leaving directory '/home/szefi/Documents/exp-abi/src/af/tf'
Making all in util
make[3]: Entering directory '/home/szefi/Documents/exp-abi/src/af/util'
  CXX      xp/ut_AdobeEncoding.lo
  CXX      xp/ut_base64.lo
  CXX      xp/ut_base64_TestRoutines.lo
  CXX      xp/ut_bijection.lo
  CXX      xp/ut_bytebuf.lo
  CXX      xp/ut_color.lo
  CXX      xp/ut_crc32.lo
  CXX      xp/ut_decompress.lo
  CXX      xp/ut_Encoding.lo
  CXX      xp/ut_go_file.lo
  CXX      xp/ut_growbuf.lo
  CXX      xp/ut_hash.lo
  CXX      xp/ut_html.lo
  CXX      xp/ut_hyphen.lo
  CXX      xp/ut_iconv.lo
  CXX      xp/ut_idle.lo
  CXX      xp/ut_jpeg.lo
  CXX      xp/ut_Language.lo
  CXX      xp/ut_locale.lo
  CXX      xp/ut_math.lo
  CXX      xp/ut_mbtowc.lo
  CXX      xp/ut_misc.lo
  CXX      xp/ut_OverstrikingChars.lo
  CXX      xp/ut_path.lo
  CXX      xp/ut_png.lo
  CXX      xp/ut_rand.lo
  CXX      xp/ut_screenshot.lo
  CXX      xp/ut_Script.lo
  CXX      xp/ut_std_string.lo
  CXX      xp/ut_stringbuf.lo
  CXX      xp/ut_string_class.lo
  CXX      xp/ut_string.lo
  CC       xp/ut_strptime.lo
  CXX      xp/ut_svg.lo
xp/ut_stringbuf.cpp: In member function 'void UT_UTF8Stringbuf::decodeURL()':
xp/ut_stringbuf.cpp:736:40: warning: 'char* strncat(char*, const char*, size_t)' specified bound 1 equals source length [-Wstringop-overflow=]
  736 |                                 strncat(buff, "%", 1);
      |                                 ~~~~~~~^~~~~~~~~~~~~~
  CXX      xp/ut_test.lo
  CXX      xp/ut_timer.lo
  CXX      xp/ut_types.lo
  CXX      xp/ut_unicode.lo
  CXX      xp/ut_units.lo
  CXX      xp/ut_uuid.lo
  CXX      xp/ut_wctomb.lo
  CXX      xp/ut_worker.lo
  CXX      xp/ut_xml.lo
  CXX      xp/ut_xml_libxml2.lo
  CXX      unix/ut_debugmsg.lo
  CXX      unix/ut_files.lo
  CXX      unix/ut_path.lo
  CXX      unix/ut_unixAssert.lo
  CXX      unix/ut_unixIdle.lo
  CXX      unix/ut_unixMisc.lo
  CXX      unix/ut_unixColor.lo
  CXX      unix/ut_unixTimer.lo
  CXXLD    libutil.la
copying selected object files to avoid basename conflicts...
make[3]: Leaving directory '/home/szefi/Documents/exp-abi/src/af/util'
Making all in xap
make[3]: Entering directory '/home/szefi/Documents/exp-abi/src/af/xap'
  CXX      xp/xad_Document.lo
  CXX      xp/xap_App.lo
  CXX      xp/xap_AppImpl.lo
  CXX      xp/xap_Args.lo
  CXX      xp/xap_Clipboard.lo
  CXX      xp/xap_CustomWidget.lo
  CXX      xp/xap_Dialog.lo
  CXX      xp/xap_DialogFactory.lo
  CXX      xp/xap_Dictionary.lo
  CXX      xp/xap_Dlg_About.lo
  CXX      xp/xap_Dlg_ClipArt.lo
  CXX      xp/xap_Dlg_DocComparison.lo
xp/xap_DialogFactory.cpp: In member function 'bool XAP_DialogFactory::_findDialogInTable(XAP_Dialog_Id, UT_sint32*) const':
xp/xap_DialogFactory.cpp:73:31: warning: comparison of integer expressions of different signedness: 'UT_sint32' {aka 'int'} and 'std::vector<const XAP_DialogFactory::_dlg_table*>::size_type' {aka 'long unsigned int'} [-Wsign-compare]
   73 |         for (UT_sint32 k=0; k < m_vec_dlg_table.size(); k++)
      |                             ~~^~~~~~~~~~~~~~~~~~~~~~~~
xp/xap_DialogFactory.cpp: In member function 'void XAP_DialogFactory::unregisterDialog(XAP_Dialog_Id)':
xp/xap_DialogFactory.cpp:110:33: warning: comparison of integer expressions of different signedness: 'UT_sint32' {aka 'int'} and 'std::vector<XAP_Dialog*>::size_type' {aka 'long unsigned int'} [-Wsign-compare]
  110 |         for (UT_sint32 i = 0; i < m_vecDialogs.size(); i++)
      |                               ~~^~~~~~~~~~~~~~~~~~~~~
  CXX      xp/xap_Dlg_Encoding.lo
  CXX      xp/xap_Dlg_FileOpenSaveAs.lo
  CXX      xp/xap_Dlg_FontChooser.lo
  CXX      xp/xap_Dlg_HTMLOptions.lo
  CXX      xp/xap_Dlg_Image.lo
  CXX      xp/xap_Dlg_Insert_Symbol.lo
  CXX      xp/xap_Dlg_Language.lo
  CXX      xp/xap_Dlg_ListDocuments.lo
  CXX      xp/xap_Dlg_MessageBox.lo
  CXX      xp/xap_Dlg_Password.lo
  CXX      xp/xap_Dlg_Print.lo
  CXX      xp/xap_Dlg_PrintPreview.lo
  CXX      xp/xap_Dlg_WindowMore.lo
  CXX      xp/xap_Dlg_Zoom.lo
  CXX      xp/xap_Draw_Symbol.lo
  CXX      xp/xap_EncodingManager.lo
  CXX      xp/xap_FakeClipboard.lo
  CXX      xp/xap_FontPreview.lo
  CXX      xp/xap_Frame.lo
  CXX      xp/xap_FrameImpl.lo
xp/xap_Draw_Symbol.cpp: In member function 'void XAP_Draw_Symbol::setFontToGC(GR_Graphics*, UT_uint32, UT_uint32)':
xp/xap_Draw_Symbol.cpp:151:60: warning: comparison of integer expressions of different signedness: 'UT_sint32' {aka 'int'} and 'std::vector<int>::size_type' {aka 'long unsigned int'} [-Wsign-compare]
  151 |                         for (UT_sint32 i = m_start_base; i < m_vCharSet.size(); i += 2)
      |                                                          ~~^~~~~~~~~~~~~~~~~~~
xp/xap_Draw_Symbol.cpp: In member function 'void XAP_Draw_Symbol::setRow(UT_uint32)':
xp/xap_Draw_Symbol.cpp:237:33: warning: comparison of integer expressions of different signedness: 'UT_sint32' {aka 'int'} and 'std::vector<int>::size_type' {aka 'long unsigned int'} [-Wsign-compare]
  237 |         for (UT_sint32 i = 0; i < m_vCharSet.size(); i += 2)
      |                               ~~^~~~~~~~~~~~~~~~~~~
xp/xap_Draw_Symbol.cpp: In member function 'UT_uint32 XAP_Draw_Symbol::getSymbolRows() const':
xp/xap_Draw_Symbol.cpp:254:44: warning: comparison of integer expressions of different signedness: 'UT_sint32' {aka 'int'} and 'std::vector<int>::size_type' {aka 'long unsigned int'} [-Wsign-compare]
  254 |         for (UT_sint32 i = m_start_base; i < m_vCharSet.size(); i += 2)
      |                                          ~~^~~~~~~~~~~~~~~~~~~
xp/xap_Draw_Symbol.cpp: In member function 'virtual void XAP_Draw_Symbol::drawImmediate(const UT_Rect*)':
xp/xap_Draw_Symbol.cpp:281:34: warning: comparison of integer expressions of different signedness: 'UT_sint32' {aka 'int'} and 'std::vector<int>::size_type' {aka 'long unsigned int'} [-Wsign-compare]
  281 |         for (i = m_start_base; i < m_vCharSet.size(); i += 2)
      |                                ~~^~~~~~~~~~~~~~~~~~~
xp/xap_Draw_Symbol.cpp: In member function 'UT_UCS4Char XAP_Draw_Symbol::calcSymbolFromCoords(UT_uint32, UT_uint32)':
xp/xap_Draw_Symbol.cpp:332:48: warning: comparison of integer expressions of different signedness: 'UT_sint32' {aka 'int'} and 'std::vector<int>::size_type' {aka 'long unsigned int'} [-Wsign-compare]
  332 |         for (UT_sint32 i = m_start_base; i + 1 < m_vCharSet.size(); i += 2)
      |                                          ~~~~~~^~~~~~~~~~~~~~~~~~~
xp/xap_Draw_Symbol.cpp: In member function 'void XAP_Draw_Symbol::calculatePosition(UT_UCS4Char, UT_uint32&, UT_uint32&)':
xp/xap_Draw_Symbol.cpp:367:48: warning: comparison of integer expressions of different signedness: 'UT_sint32' {aka 'int'} and 'std::vector<int>::size_type' {aka 'long unsigned int'} [-Wsign-compare]
  367 |         for (UT_sint32 i = m_start_base; i + 1 < m_vCharSet.size(); i += 2)
      |                                          ~~~~~~^~~~~~~~~~~~~~~~~~~
  CXX      xp/xap_InputModes.lo
  CXX      xp/xap_LoadBindings.lo
  CXX      xp/xap_Log.lo
xp/xap_Frame.cpp: In member function 'EV_Toolbar* XAP_Frame::getToolbar(UT_sint32)':
xp/xap_Frame.cpp:731:17: warning: comparison of integer expressions of different signedness: 'UT_sint32' {aka 'int'} and 'std::vector<EV_Toolbar*>::size_type' {aka 'long unsigned int'} [-Wsign-compare]
  731 |         if(ibar >= m_pFrameImpl->m_vecToolbars.size())
      |            ~~~~~^~~~~~~~~~~~~~~~~~~~~~~~~~~~~~~~~~~~~
xp/xap_Frame.cpp: In member function 'UT_sint32 XAP_Frame::findToolbarNr(EV_Toolbar*)':
xp/xap_Frame.cpp:775:33: warning: comparison of integer expressions of different signedness: 'UT_sint32' {aka 'int'} and 'std::vector<EV_Toolbar*>::size_type' {aka 'long unsigned int'} [-Wsign-compare]
  775 |         for(i =0; !bFound && (i < m_pFrameImpl->m_vecToolbars.size()); i++)
      |                               ~~^~~~~~~~~~~~~~~~~~~~~~~~~~~~~~~~~~~~
  CXX      xp/xap_Prefs.lo
  CXX      xp/xap_Preview.lo
  CXX      xp/xap_Preview_Zoom.lo
  CXX      xp/xap_Scrollbar_ViewListener.lo
  CXX      xp/xap_Strings.lo
  CXX      xp/xap_Toolbar_ControlFactory.lo
  CXX      xp/xap_UpdateCheck.lo
  CXX      xp/xap_ViewListener.lo
  CXX      xp/xav_View.lo
  CXX      xp/xap_StatusBar.lo
  CXX      xp/barbarisms.lo
  CXX      xp/enchant_checker.lo
  CXX      xp/spell_manager.lo
xp/barbarisms.cpp: In destructor 'virtual BarbarismChecker::~BarbarismChecker()':
xp/barbarisms.cpp:43:47: warning: comparison of integer expressions of different signedness: 'UT_sint32' {aka 'int'} and 'std::vector<unsigned int*>::size_type' {aka 'long unsigned int'} [-Wsign-compare]
   43 |                         for (UT_sint32 i=0; i < pVec->size(); i++)
      |                                             ~~^~~~~~~~~~~~~~
  CXX      gtk/xap_GtkUtils.lo
  CXX      gtk/xap_GtkComboBoxHelpers.lo
  CXX      gtk/xap_GtkListHelpers.lo
gtk/xap_GtkUtils.cpp: In function 'gchar* xap_gtk_file_chooser_get_filename(GtkFileChooser*)':
gtk/xap_GtkUtils.cpp:40:42: warning: 'GFile* gtk_file_chooser_get_file(GtkFileChooser*)' is deprecated [-Wdeprecated-declarations]
   40 |   GFile *file = gtk_file_chooser_get_file(chooser);
      |                 ~~~~~~~~~~~~~~~~~~~~~~~~~^~~~~~~~~
In file included from /usr/include/gtk-4.0/gtk/gtk.h:130,
                 from gtk/xap_GtkUtils.cpp:22:
/usr/include/gtk-4.0/gtk/deprecated/gtkfilechooser.h:119:22: note: declared here
  119 | GFile *              gtk_file_chooser_get_file            (GtkFileChooser       *chooser);
      |                      ^~~~~~~~~~~~~~~~~~~~~~~~~
gtk/xap_GtkUtils.cpp: In function 'gchar* xap_gtk_file_chooser_get_uri(GtkFileChooser*)':
gtk/xap_GtkUtils.cpp:50:42: warning: 'GFile* gtk_file_chooser_get_file(GtkFileChooser*)' is deprecated [-Wdeprecated-declarations]
   50 |   GFile *file = gtk_file_chooser_get_file(chooser);
      |                 ~~~~~~~~~~~~~~~~~~~~~~~~~^~~~~~~~~
/usr/include/gtk-4.0/gtk/deprecated/gtkfilechooser.h:119:22: note: declared here
  119 | GFile *              gtk_file_chooser_get_file            (GtkFileChooser       *chooser);
      |                      ^~~~~~~~~~~~~~~~~~~~~~~~~
  CXX      gtk/xap_GtkStyle.lo
gtk/xap_GtkComboBoxHelpers.cpp: In function 'void XAP_populateDropDownWithIndex(GtkDropDown*, const std::vector<const char*>&)':
gtk/xap_GtkComboBoxHelpers.cpp:174:32: warning: comparison of integer expressions of different signedness: 'UT_sint32' {aka 'int'} and 'std::vector<const char*>::size_type' {aka 'long unsigned int'} [-Wsign-compare]
  174 |         for(UT_sint32 i = 0; i < vec.size(); i++) {
      |                              ~~^~~~~~~~~~~~
  CXX      gtk/xap_UnixApp.lo
  CXX      gtk/xap_UnixAppImpl.lo
  CXX      gtk/xap_UnixClipboard.lo
In file included from /usr/include/glib-2.0/glib/gatomic.h:30,
                 from /usr/include/glib-2.0/glib/gthread.h:34,
                 from /usr/include/glib-2.0/glib/gasyncqueue.h:34,
                 from /usr/include/glib-2.0/glib.h:34,
                 from ../../../src/af/util/xp/ut_types.h:30,
                 from ../../../src/af/util/xp/ut_debugmsg.h:26,
                 from ../../../src/af/util/xp/ut_assert.h:30,
                 from gtk/xap_GtkStyle.cpp:12:
gtk/xap_GtkStyle.cpp: In function 'GtkStyleContext* XAP_GtkStyle_get_style(GtkStyleContext*, const char*)':
gtk/xap_GtkStyle.cpp:57:59: warning: 'GtkStyleContext* gtk_widget_get_style_context(GtkWidget*)' is deprecated [-Wdeprecated-declarations]
   57 |         return g_object_ref (gtk_widget_get_style_context (w));
      |                              ~~~~~~~~~~~~~~~~~~~~~~~~~~~~~^~~
/usr/include/glib-2.0/glib/glib-typeof.h:44:65: note: in definition of macro 'glib_typeof'
   44 | #define glib_typeof(t) typename std::remove_reference<decltype (t)>::type
      |                                                                 ^
gtk/xap_GtkStyle.cpp:57:16: note: in expansion of macro 'g_object_ref'
   57 |         return g_object_ref (gtk_widget_get_style_context (w));
      |                ^~~~~~~~~~~~
In file included from /usr/include/gtk-4.0/gtk/gtkapplication.h:26,
                 from /usr/include/gtk-4.0/gtk/gtkwindow.h:32,
                 from /usr/include/gtk-4.0/gtk/gtkaboutdialog.h:29,
                 from /usr/include/gtk-4.0/gtk/gtk.h:33,
                 from gtk/xap_GtkStyle.h:6,
                 from gtk/xap_GtkStyle.cpp:14:
/usr/include/gtk-4.0/gtk/gtkwidget.h:710:19: note: declared here
  710 | GtkStyleContext * gtk_widget_get_style_context (GtkWidget *widget);
      |                   ^~~~~~~~~~~~~~~~~~~~~~~~~~~~
gtk/xap_GtkStyle.cpp:57:59: warning: 'GtkStyleContext* gtk_widget_get_style_context(GtkWidget*)' is deprecated [-Wdeprecated-declarations]
   57 |         return g_object_ref (gtk_widget_get_style_context (w));
      |                              ~~~~~~~~~~~~~~~~~~~~~~~~~~~~~^~~
/usr/include/glib-2.0/glib/glib-typeof.h:44:65: note: in definition of macro 'glib_typeof'
   44 | #define glib_typeof(t) typename std::remove_reference<decltype (t)>::type
      |                                                                 ^
gtk/xap_GtkStyle.cpp:57:16: note: in expansion of macro 'g_object_ref'
   57 |         return g_object_ref (gtk_widget_get_style_context (w));
      |                ^~~~~~~~~~~~
/usr/include/gtk-4.0/gtk/gtkwidget.h:710:19: note: declared here
  710 | GtkStyleContext * gtk_widget_get_style_context (GtkWidget *widget);
      |                   ^~~~~~~~~~~~~~~~~~~~~~~~~~~~
In file included from /usr/include/glib-2.0/gobject/gbinding.h:31,
                 from /usr/include/glib-2.0/glib-object.h:24,
                 from /usr/include/gtk-4.0/gtk/css/gtkcssenumtypes.h:11,
                 from /usr/include/gtk-4.0/gtk/css/gtkcss.h:33,
                 from /usr/include/gtk-4.0/gtk/gtk.h:29:
gtk/xap_GtkStyle.cpp:57:59: warning: 'GtkStyleContext* gtk_widget_get_style_context(GtkWidget*)' is deprecated [-Wdeprecated-declarations]
   57 |         return g_object_ref (gtk_widget_get_style_context (w));
      |                              ~~~~~~~~~~~~~~~~~~~~~~~~~~~~~^~~
/usr/include/glib-2.0/gobject/gobject.h:533:64: note: in definition of macro 'g_object_ref'
  533 | #define g_object_ref(Obj) ((glib_typeof (Obj)) (g_object_ref) (Obj))
      |                                                                ^~~
/usr/include/gtk-4.0/gtk/gtkwidget.h:710:19: note: declared here
  710 | GtkStyleContext * gtk_widget_get_style_context (GtkWidget *widget);
      |                   ^~~~~~~~~~~~~~~~~~~~~~~~~~~~
  CXX      gtk/xap_UnixCustomWidget.lo
In file included from ../../../src/af/util/xp/ut_stringbuf.h:33,
                 from ../../../src/af/util/xp/ut_string_class.h:43,
                 from ../../../src/af/util/xp/ut_path.h:41,
                 from gtk/xap_UnixApp.cpp:51:
../../../src/af/gr/xp/gr_RenderInfo.h: In member function 'UT_uint32 GR_Itemization::getNthLength(UT_sint32)':
../../../src/af/gr/xp/gr_RenderInfo.h:143:75: warning: comparison of integer expressions of different signedness: 'UT_sint32' {aka 'int'} and 'std::vector<int>::size_type' {aka 'long unsigned int'} [-Wsign-compare]
  143 |                                                   UT_return_val_if_fail(i < m_vOffsets.size()-1, 0);
      |                                                                         ~~^~~~~~~~~~~~~~~~~~~~~
../../../src/af/util/xp/ut_assert.h:108:48: note: in definition of macro 'UT_return_val_if_fail'
  108 | #define UT_return_val_if_fail(cond, val) if (!(cond)) { UT_ASSERT(cond); return (val); }
      |                                                ^~~~
  CXX      gtk/xap_UnixHelpWindow.lo
In file included from gtk/xap_UnixCustomWidget.cpp:24:
../../../src/af/gr/xp/gr_RenderInfo.h: In member function 'UT_uint32 GR_Itemization::getNthLength(UT_sint32)':
../../../src/af/gr/xp/gr_RenderInfo.h:143:75: warning: comparison of integer expressions of different signedness: 'UT_sint32' {aka 'int'} and 'std::vector<int>::size_type' {aka 'long unsigned int'} [-Wsign-compare]
  143 |                                                   UT_return_val_if_fail(i < m_vOffsets.size()-1, 0);
      |                                                                         ~~^~~~~~~~~~~~~~~~~~~~~
../../../src/af/util/xp/ut_assert.h:108:48: note: in definition of macro 'UT_return_val_if_fail'
  108 | #define UT_return_val_if_fail(cond, val) if (!(cond)) { UT_ASSERT(cond); return (val); }
      |                                                ^~~~
  CXX      gtk/xap_UnixDialogHelper.lo
  CXX      gtk/xap_UnixDialog.lo
  CXX      gtk/xap_UnixDlg_About.lo
  CXX      gtk/xap_UnixDlg_ClipArt.lo
gtk/xap_UnixDialogHelper.cpp: In function 'void abiFixupBuilderDialog(GtkDialog*)':
gtk/xap_UnixDialogHelper.cpp:196:58: warning: 'GtkWidget* gtk_dialog_get_content_area(GtkDialog*)' is deprecated [-Wdeprecated-declarations]
  196 |         GtkWidget * content = gtk_dialog_get_content_area(dlg);
      |                               ~~~~~~~~~~~~~~~~~~~~~~~~~~~^~~~~
In file included from /usr/include/gtk-4.0/gtk/deprecated/gtkappchooserdialog.h:31,
                 from /usr/include/gtk-4.0/gtk/gtk.h:43,
                 from gtk/xap_UnixDialogHelper.cpp:40:
/usr/include/gtk-4.0/gtk/deprecated/gtkdialog.h:172:13: note: declared here
  172 | GtkWidget * gtk_dialog_get_content_area (GtkDialog *dialog);
      |             ^~~~~~~~~~~~~~~~~~~~~~~~~~~
gtk/xap_UnixDialogHelper.cpp:202:50: warning: 'GtkWidget* gtk_dialog_add_button(GtkDialog*, const char*, int)' is deprecated [-Wdeprecated-declarations]
  202 |         GtkWidget * probe = gtk_dialog_add_button(dlg, "", G_MININT);
      |                             ~~~~~~~~~~~~~~~~~~~~~^~~~~~~~~~~~~~~~~~~
/usr/include/gtk-4.0/gtk/deprecated/gtkdialog.h:144:12: note: declared here
  144 | GtkWidget* gtk_dialog_add_button        (GtkDialog   *dialog,
      |            ^~~~~~~~~~~~~~~~~~~~~
gtk/xap_UnixDialogHelper.cpp: In function 'GtkWidget* s_find_declared_action_widget(GtkDialog*, GtkWidget*, GtkWidget*)':
gtk/xap_UnixDialogHelper.cpp:374:44: warning: 'int gtk_dialog_get_response_for_widget(GtkDialog*, GtkWidget*)' is deprecated [-Wdeprecated-declarations]
  374 |     if (gtk_dialog_get_response_for_widget (me, w) != GTK_RESPONSE_NONE)
      |         ~~~~~~~~~~~~~~~~~~~~~~~~~~~~~~~~~~~^~~~~~~
/usr/include/gtk-4.0/gtk/deprecated/gtkdialog.h:163:5: note: declared here
  163 | int gtk_dialog_get_response_for_widget (GtkDialog *dialog,
      |     ^~~~~~~~~~~~~~~~~~~~~~~~~~~~~~~~~~
gtk/xap_UnixDialogHelper.cpp: In function 'void sAddHelpButton(GtkDialog*, XAP_Dialog*)':
gtk/xap_UnixDialogHelper.cpp:400:51: warning: 'GtkWidget* gtk_dialog_add_button(GtkDialog*, const char*, int)' is deprecated [-Wdeprecated-declarations]
  400 |         GtkWidget * button = gtk_dialog_add_button(me,
      |                              ~~~~~~~~~~~~~~~~~~~~~^~~~
  401 |                                                    convertMnemonics(s).c_str(),
      |                                                    ~~~~~~~~~~~~~~~~~~~~~~~~~~~~
  402 |                                                    GTK_RESPONSE_HELP);
      |                                                    ~~~~~~~~~~~~~~~~~~
/usr/include/gtk-4.0/gtk/deprecated/gtkdialog.h:144:12: note: declared here
  144 | GtkWidget* gtk_dialog_add_button        (GtkDialog   *dialog,
      |            ^~~~~~~~~~~~~~~~~~~~~
gtk/xap_UnixDialogHelper.cpp: In function 'void abiSetupModalDialog(GtkDialog*, XAP_Frame*, XAP_Dialog*, gint)':
gtk/xap_UnixDialogHelper.cpp:508:41: warning: 'void gtk_dialog_set_default_response(GtkDialog*, int)' is deprecated [-Wdeprecated-declarations]
  508 |         gtk_dialog_set_default_response (GTK_DIALOG (popup), defaultResponse);
      |         ~~~~~~~~~~~~~~~~~~~~~~~~~~~~~~~~^~~~~~~~~~~~~~~~~~~~~~~~~~~~~~~~~~~~~
/usr/include/gtk-4.0/gtk/deprecated/gtkdialog.h:157:6: note: declared here
  157 | void gtk_dialog_set_default_response   (GtkDialog *dialog,
      |      ^~~~~~~~~~~~~~~~~~~~~~~~~~~~~~~
gtk/xap_UnixDialogHelper.cpp: In function 'void abiSetupModelessDialog(GtkDialog*, XAP_Frame*, XAP_Dialog*, gint, bool, GtkAccessibleRole)':
gtk/xap_UnixDialogHelper.cpp:695:41: warning: 'void gtk_dialog_set_default_response(GtkDialog*, int)' is deprecated [-Wdeprecated-declarations]
  695 |         gtk_dialog_set_default_response ( me, defaultResponse ) ;
      |         ~~~~~~~~~~~~~~~~~~~~~~~~~~~~~~~~^~~~~~~~~~~~~~~~~~~~~~~
/usr/include/gtk-4.0/gtk/deprecated/gtkdialog.h:157:6: note: declared here
  157 | void gtk_dialog_set_default_response   (GtkDialog *dialog,
      |      ^~~~~~~~~~~~~~~~~~~~~~~~~~~~~~~
gtk/xap_UnixDialogHelper.cpp: In function 'GtkWidget* abiDialogNew(const char*, gboolean)':
gtk/xap_UnixDialogHelper.cpp:716:36: warning: 'GtkWidget* gtk_dialog_new()' is deprecated [-Wdeprecated-declarations]
  716 |   GtkWidget * dlg = gtk_dialog_new () ;
      |                     ~~~~~~~~~~~~~~~^~
/usr/include/gtk-4.0/gtk/deprecated/gtkdialog.h:130:12: note: declared here
  130 | GtkWidget* gtk_dialog_new      (void);
      |            ^~~~~~~~~~~~~~
In file included from /usr/include/glib-2.0/gobject/gobject.h:26,
                 from /usr/include/glib-2.0/gobject/gbinding.h:31,
                 from /usr/include/glib-2.0/glib-object.h:24,
                 from /usr/include/gtk-4.0/gtk/css/gtkcssenumtypes.h:11,
                 from /usr/include/gtk-4.0/gtk/css/gtkcss.h:33,
                 from /usr/include/gtk-4.0/gtk/gtk.h:29:
gtk/xap_UnixDialogHelper.cpp:721:62: warning: 'GtkWidget* gtk_dialog_get_content_area(GtkDialog*)' is deprecated [-Wdeprecated-declarations]
  721 |   gtk_box_set_spacing ( GTK_BOX ( gtk_dialog_get_content_area(GTK_DIALOG (dlg))), 2 ) ;
      |                                   ~~~~~~~~~~~~~~~~~~~~~~~~~~~^~~~~~~~~~~~~~~~~~
/usr/include/glib-2.0/gobject/gtype.h:2660:66: note: in definition of macro '_G_TYPE_CIC'
 2660 |     ((ct*) (void *) g_type_check_instance_cast ((GTypeInstance*) ip, gt))
      |                                                                  ^~
/usr/include/gtk-4.0/gtk/gtkbox.h:39:34: note: in expansion of macro 'G_TYPE_CHECK_INSTANCE_CAST'
   39 | #define GTK_BOX(obj)            (G_TYPE_CHECK_INSTANCE_CAST ((obj), GTK_TYPE_BOX, GtkBox))
      |                                  ^~~~~~~~~~~~~~~~~~~~~~~~~~
gtk/xap_UnixDialogHelper.cpp:721:25: note: in expansion of macro 'GTK_BOX'
  721 |   gtk_box_set_spacing ( GTK_BOX ( gtk_dialog_get_content_area(GTK_DIALOG (dlg))), 2 ) ;
      |                         ^~~~~~~
/usr/include/gtk-4.0/gtk/deprecated/gtkdialog.h:172:13: note: declared here
  172 | GtkWidget * gtk_dialog_get_content_area (GtkDialog *dialog);
      |             ^~~~~~~~~~~~~~~~~~~~~~~~~~~
gtk/xap_UnixDialogHelper.cpp: In function 'GtkWidget* abiAddButton(GtkDialog*, std::string, gint)':
gtk/xap_UnixDialogHelper.cpp:777:48: warning: 'GtkWidget* gtk_dialog_add_button(GtkDialog*, const char*, int)' is deprecated [-Wdeprecated-declarations]
  777 |         GtkWidget * wid = gtk_dialog_add_button(me, convertMnemonics(label).c_str(),
      |                           ~~~~~~~~~~~~~~~~~~~~~^~~~~~~~~~~~~~~~~~~~~~~~~~~~~~~~~~~~~
  778 |                                             response_id);
      |                                             ~~~~~~~~~~~~
/usr/include/gtk-4.0/gtk/deprecated/gtkdialog.h:144:12: note: declared here
  144 | GtkWidget* gtk_dialog_add_button        (GtkDialog   *dialog,
      |            ^~~~~~~~~~~~~~~~~~~~~
gtk/xap_UnixDialogHelper.cpp:779:42: warning: 'void gtk_dialog_set_response_sensitive(GtkDialog*, int, gboolean)' is deprecated [-Wdeprecated-declarations]
  779 |         gtk_dialog_set_response_sensitive(me, response_id, TRUE);
      |         ~~~~~~~~~~~~~~~~~~~~~~~~~~~~~~~~~^~~~~~~~~~~~~~~~~~~~~~~
/usr/include/gtk-4.0/gtk/deprecated/gtkdialog.h:153:6: note: declared here
  153 | void gtk_dialog_set_response_sensitive (GtkDialog *dialog,
      |      ^~~~~~~~~~~~~~~~~~~~~~~~~~~~~~~~~
gtk/xap_UnixDialogHelper.cpp: In function 'void messageBoxOK(const char*)':
gtk/xap_UnixDialogHelper.cpp:1025:50: warning: 'GtkWidget* gtk_message_dialog_new(GtkWindow*, GtkDialogFlags, GtkMessageType, GtkButtonsType, const char*, ...)' is deprecated [-Wdeprecated-declarations]
 1025 |         GtkWidget * msg = gtk_message_dialog_new ( nullptr,
      |                           ~~~~~~~~~~~~~~~~~~~~~~~^~~~~~~~~~
 1026 |                                                    GTK_DIALOG_MODAL,
      |                                                    ~~~~~~~~~~~~~~~~~
 1027 |                                                    GTK_MESSAGE_INFO,
      |                                                    ~~~~~~~~~~~~~~~~~
 1028 |                                                    GTK_BUTTONS_OK,
      |                                                    ~~~~~~~~~~~~~~~
 1029 |                                                    "%s", message ) ;
      |                                                    ~~~~~~~~~~~~~~~
In file included from /usr/include/gtk-4.0/gtk/gtk.h:192:
/usr/include/gtk-4.0/gtk/deprecated/gtkmessagedialog.h:81:12: note: declared here
   81 | GtkWidget* gtk_message_dialog_new      (GtkWindow      *parent,
      |            ^~~~~~~~~~~~~~~~~~~~~~
  CXX      gtk/xap_UnixDlg_ColorChooser.lo
  CXX      gtk/xap_UnixDlg_DocComparison.lo
  CXX      gtk/xap_UnixDlg_Encoding.lo
gtk/xap_UnixDlg_ClipArt.cpp: In function 'gboolean fill_store(XAP_UnixDialog_ClipArt*)':
gtk/xap_UnixDlg_ClipArt.cpp:155:57: warning: 'GtkWidget* gtk_message_dialog_new(GtkWindow*, GtkDialogFlags, GtkMessageType, GtkButtonsType, const char*, ...)' is deprecated [-Wdeprecated-declarations]
  155 |                 GtkWidget *err = gtk_message_dialog_new (GTK_WINDOW (dlg), GTK_DIALOG_DESTROY_WITH_PARENT, GTK_MESSAGE_ERROR, GTK_BUTTONS_CLOSE, "%s", s.c_str());
      |                                  ~~~~~~~~~~~~~~~~~~~~~~~^~~~~~~~~~~~~~~~~~~~~~~~~~~~~~~~~~~~~~~~~~~~~~~~~~~~~~~~~~~~~~~~~~~~~~~~~~~~~~~~~~~~~~~~~~~~~~~~~~~~~~~~~
In file included from /usr/include/gtk-4.0/gtk/gtk.h:192,
                 from gtk/xap_UnixDialogHelper.h:23,
                 from gtk/xap_UnixDlg_ClipArt.cpp:32:
/usr/include/gtk-4.0/gtk/deprecated/gtkmessagedialog.h:81:12: note: declared here
   81 | GtkWidget* gtk_message_dialog_new      (GtkWindow      *parent,
      |            ^~~~~~~~~~~~~~~~~~~~~~
gtk/xap_UnixDlg_ClipArt.cpp:159:36: warning: 'void gtk_dialog_response(GtkDialog*, int)' is deprecated [-Wdeprecated-declarations]
  159 |                 gtk_dialog_response(GTK_DIALOG(dlg), GTK_RESPONSE_CANCEL);
      |                 ~~~~~~~~~~~~~~~~~~~^~~~~~~~~~~~~~~~~~~~~~~~~~~~~~~~~~~~~~
In file included from /usr/include/gtk-4.0/gtk/deprecated/gtkappchooserdialog.h:31,
                 from /usr/include/gtk-4.0/gtk/gtk.h:43:
/usr/include/gtk-4.0/gtk/deprecated/gtkdialog.h:168:6: note: declared here
  168 | void gtk_dialog_response           (GtkDialog *dialog,
      |      ^~~~~~~~~~~~~~~~~~~
In file included from /usr/include/glib-2.0/gobject/gobject.h:26,
                 from /usr/include/glib-2.0/gobject/gbinding.h:31,
                 from /usr/include/glib-2.0/glib-object.h:24,
                 from /usr/include/libgsf-1/gsf/gsf-fwd.h:26,
                 from /usr/include/libgsf-1/gsf/gsf.h:46,
                 from ../../../src/af/util/xp/ut_go_file.h:29,
                 from gtk/xap_UnixDlg_ClipArt.cpp:28:
gtk/xap_UnixDlg_ClipArt.cpp: In member function 'virtual void XAP_UnixDialog_ClipArt::runModal(XAP_Frame*)':
gtk/xap_UnixDlg_ClipArt.cpp:239:60: warning: 'GtkWidget* gtk_dialog_get_content_area(GtkDialog*)' is deprecated [-Wdeprecated-declarations]
  239 |         gtk_box_append(GTK_BOX (gtk_dialog_get_content_area(GTK_DIALOG(this->dlg))), vbox);
      |                                 ~~~~~~~~~~~~~~~~~~~~~~~~~~~^~~~~~~~~~~~~~~~~~~~~~~
/usr/include/glib-2.0/gobject/gtype.h:2660:66: note: in definition of macro '_G_TYPE_CIC'
 2660 |     ((ct*) (void *) g_type_check_instance_cast ((GTypeInstance*) ip, gt))
      |                                                                  ^~
/usr/include/gtk-4.0/gtk/gtkbox.h:39:34: note: in expansion of macro 'G_TYPE_CHECK_INSTANCE_CAST'
   39 | #define GTK_BOX(obj)            (G_TYPE_CHECK_INSTANCE_CAST ((obj), GTK_TYPE_BOX, GtkBox))
      |                                  ^~~~~~~~~~~~~~~~~~~~~~~~~~
gtk/xap_UnixDlg_ClipArt.cpp:239:24: note: in expansion of macro 'GTK_BOX'
  239 |         gtk_box_append(GTK_BOX (gtk_dialog_get_content_area(GTK_DIALOG(this->dlg))), vbox);
      |                        ^~~~~~~
/usr/include/gtk-4.0/gtk/deprecated/gtkdialog.h:172:13: note: declared here
  172 | GtkWidget * gtk_dialog_get_content_area (GtkDialog *dialog);
      |             ^~~~~~~~~~~~~~~~~~~~~~~~~~~
gtk/xap_UnixDlg_ClipArt.cpp: In member function 'void XAP_UnixDialog_ClipArt::onItemActivated()':
gtk/xap_UnixDlg_ClipArt.cpp:433:28: warning: 'void gtk_dialog_response(GtkDialog*, int)' is deprecated [-Wdeprecated-declarations]
  433 |         gtk_dialog_response(GTK_DIALOG(this->dlg), GTK_RESPONSE_OK);
      |         ~~~~~~~~~~~~~~~~~~~^~~~~~~~~~~~~~~~~~~~~~~~~~~~~~~~~~~~~~~~
/usr/include/gtk-4.0/gtk/deprecated/gtkdialog.h:168:6: note: declared here
  168 | void gtk_dialog_response           (GtkDialog *dialog,
      |      ^~~~~~~~~~~~~~~~~~~
gtk/xap_UnixDlg_ColorChooser.cpp: In function 'std::optional<UT_RGBColor> XAP_UnixDlg_RunColorChooser(GtkWindow*, GtkColorButton*)':
gtk/xap_UnixDlg_ColorChooser.cpp:28:59: warning: 'GtkWidget* gtk_color_chooser_dialog_new(const char*, GtkWindow*)' is deprecated [-Wdeprecated-declarations]
   28 |         GtkWidget *colordlg = gtk_color_chooser_dialog_new("", parent);
      |                               ~~~~~~~~~~~~~~~~~~~~~~~~~~~~^~~~~~~~~~~~
In file included from /usr/include/gtk-4.0/gtk/gtk.h:84,
                 from gtk/xap_UnixDlg_ColorChooser.h:23,
                 from gtk/xap_UnixDlg_ColorChooser.cpp:21:
/usr/include/gtk-4.0/gtk/deprecated/gtkcolorchooserdialog.h:38:13: note: declared here
   38 | GtkWidget * gtk_color_chooser_dialog_new      (const char *title,
      |             ^~~~~~~~~~~~~~~~~~~~~~~~~~~~
gtk/xap_UnixDlg_ColorChooser.cpp:32:35: warning: 'void gtk_color_chooser_get_rgba(GtkColorChooser*, GdkRGBA*)' is deprecated [-Wdeprecated-declarations]
   32 |         gtk_color_chooser_get_rgba(GTK_COLOR_CHOOSER(colorbtn), &initialColor);
      |         ~~~~~~~~~~~~~~~~~~~~~~~~~~^~~~~~~~~~~~~~~~~~~~~~~~~~~~~~~~~~~~~~~~~~~~
In file included from /usr/include/gtk-4.0/gtk/gtk.h:83:
/usr/include/gtk-4.0/gtk/deprecated/gtkcolorchooser.h:66:10: note: declared here
   66 | void     gtk_color_chooser_get_rgba       (GtkColorChooser *chooser,
      |          ^~~~~~~~~~~~~~~~~~~~~~~~~~
gtk/xap_UnixDlg_ColorChooser.cpp:33:35: warning: 'void gtk_color_chooser_set_rgba(GtkColorChooser*, const GdkRGBA*)' is deprecated [-Wdeprecated-declarations]
   33 |         gtk_color_chooser_set_rgba(colorsel, &initialColor);
      |         ~~~~~~~~~~~~~~~~~~~~~~~~~~^~~~~~~~~~~~~~~~~~~~~~~~~
/usr/include/gtk-4.0/gtk/deprecated/gtkcolorchooser.h:69:10: note: declared here
   69 | void     gtk_color_chooser_set_rgba       (GtkColorChooser *chooser,
      |          ^~~~~~~~~~~~~~~~~~~~~~~~~~
gtk/xap_UnixDlg_ColorChooser.cpp:41:44: warning: 'void gtk_color_chooser_get_rgba(GtkColorChooser*, GdkRGBA*)' is deprecated [-Wdeprecated-declarations]
   41 |                 gtk_color_chooser_get_rgba (colorsel, &color);
      |                 ~~~~~~~~~~~~~~~~~~~~~~~~~~~^~~~~~~~~~~~~~~~~~
/usr/include/gtk-4.0/gtk/deprecated/gtkcolorchooser.h:66:10: note: declared here
   66 | void     gtk_color_chooser_get_rgba       (GtkColorChooser *chooser,
      |          ^~~~~~~~~~~~~~~~~~~~~~~~~~
gtk/xap_UnixDlg_ColorChooser.cpp:42:44: warning: 'void gtk_color_chooser_set_rgba(GtkColorChooser*, const GdkRGBA*)' is deprecated [-Wdeprecated-declarations]
   42 |                 gtk_color_chooser_set_rgba (GTK_COLOR_CHOOSER(colorbtn), &color);
      |                 ~~~~~~~~~~~~~~~~~~~~~~~~~~~^~~~~~~~~~~~~~~~~~~~~~~~~~~~~~~~~~~~~
/usr/include/gtk-4.0/gtk/deprecated/gtkcolorchooser.h:69:10: note: declared here
   69 | void     gtk_color_chooser_set_rgba       (GtkColorChooser *chooser,
      |          ^~~~~~~~~~~~~~~~~~~~~~~~~~
  CXX      gtk/xap_UnixDlg_FileOpenSaveAs.lo
  CXX      gtk/xap_UnixDlg_FontChooser.lo
gtk/xap_UnixDlg_Encoding.cpp: In static member function 'static void XAP_UnixDialog_Encoding::s_encoding_dblclicked(GtkListView*, guint, XAP_UnixDialog_Encoding*)':
gtk/xap_UnixDlg_Encoding.cpp:59:29: warning: 'void gtk_dialog_response(GtkDialog*, int)' is deprecated [-Wdeprecated-declarations]
   59 |         gtk_dialog_response (GTK_DIALOG(me->m_windowMain), GTK_RESPONSE_OK);
      |         ~~~~~~~~~~~~~~~~~~~~^~~~~~~~~~~~~~~~~~~~~~~~~~~~~~~~~~~~~~~~~~~~~~~
In file included from /usr/include/gtk-4.0/gtk/deprecated/gtkappchooserdialog.h:31,
                 from /usr/include/gtk-4.0/gtk/gtk.h:43,
                 from gtk/xap_UnixDialogHelper.h:23,
                 from gtk/xap_UnixDlg_Encoding.cpp:26:
/usr/include/gtk-4.0/gtk/deprecated/gtkdialog.h:168:6: note: declared here
  168 | void gtk_dialog_response           (GtkDialog *dialog,
      |      ^~~~~~~~~~~~~~~~~~~
  CXX      gtk/xap_UnixDlg_HTMLOptions.lo
  CXX      gtk/xap_UnixDlg_Image.lo
In file included from gtk/xap_UnixDlg_FontChooser.cpp:37:
../../../src/af/gr/xp/gr_RenderInfo.h: In member function 'UT_uint32 GR_Itemization::getNthLength(UT_sint32)':
../../../src/af/gr/xp/gr_RenderInfo.h:143:75: warning: comparison of integer expressions of different signedness: 'UT_sint32' {aka 'int'} and 'std::vector<int>::size_type' {aka 'long unsigned int'} [-Wsign-compare]
  143 |                                                   UT_return_val_if_fail(i < m_vOffsets.size()-1, 0);
      |                                                                         ~~^~~~~~~~~~~~~~~~~~~~~
../../../src/af/util/xp/ut_assert.h:108:48: note: in definition of macro 'UT_return_val_if_fail'
  108 | #define UT_return_val_if_fail(cond, val) if (!(cond)) { UT_ASSERT(cond); return (val); }
      |                                                ^~~~
gtk/xap_UnixDlg_FontChooser.cpp: In member function 'void XAP_UnixDialog_FontChooser::fgColorChanged()':
gtk/xap_UnixDlg_FontChooser.cpp:470:36: warning: 'void gtk_color_chooser_get_rgba(GtkColorChooser*, GdkRGBA*)' is deprecated [-Wdeprecated-declarations]
  470 |         gtk_color_chooser_get_rgba (GTK_COLOR_CHOOSER(m_colorSelector),
      |         ~~~~~~~~~~~~~~~~~~~~~~~~~~~^~~~~~~~~~~~~~~~~~~~~~~~~~~~~~~~~~~~
  471 |                                                            &m_currentFGColor);
      |                                                            ~~~~~~~~~~~~~~~~~~
In file included from /usr/include/gtk-4.0/gtk/gtk.h:83,
                 from gtk/xap_UnixDlg_FontChooser.cpp:35:
/usr/include/gtk-4.0/gtk/deprecated/gtkcolorchooser.h:66:10: note: declared here
   66 | void     gtk_color_chooser_get_rgba       (GtkColorChooser *chooser,
      |          ^~~~~~~~~~~~~~~~~~~~~~~~~~
gtk/xap_UnixDlg_FontChooser.cpp: In member function 'void XAP_UnixDialog_FontChooser::bgColorChanged()':
gtk/xap_UnixDlg_FontChooser.cpp:483:36: warning: 'void gtk_color_chooser_get_rgba(GtkColorChooser*, GdkRGBA*)' is deprecated [-Wdeprecated-declarations]
  483 |         gtk_color_chooser_get_rgba (GTK_COLOR_CHOOSER(m_bgcolorSelector),
      |         ~~~~~~~~~~~~~~~~~~~~~~~~~~~^~~~~~~~~~~~~~~~~~~~~~~~~~~~~~~~~~~~~~
  484 |                                                                 &m_currentBGColor);
      |                                                                 ~~~~~~~~~~~~~~~~~~
/usr/include/gtk-4.0/gtk/deprecated/gtkcolorchooser.h:66:10: note: declared here
   66 | void     gtk_color_chooser_get_rgba       (GtkColorChooser *chooser,
      |          ^~~~~~~~~~~~~~~~~~~~~~~~~~
gtk/xap_UnixDlg_FontChooser.cpp: In member function 'virtual GtkWidget* XAP_UnixDialog_FontChooser::constructWindow()':
gtk/xap_UnixDlg_FontChooser.cpp:505:48: warning: 'GtkWidget* gtk_dialog_get_content_area(GtkDialog*)' is deprecated [-Wdeprecated-declarations]
  505 |         vboxOuter = gtk_dialog_get_content_area(GTK_DIALOG(windowFontSelection));
      |                     ~~~~~~~~~~~~~~~~~~~~~~~~~~~^~~~~~~~~~~~~~~~~~~~~~~~~~~~~~~~~
In file included from /usr/include/gtk-4.0/gtk/deprecated/gtkappchooserdialog.h:31,
                 from /usr/include/gtk-4.0/gtk/gtk.h:43:
/usr/include/gtk-4.0/gtk/deprecated/gtkdialog.h:172:13: note: declared here
  172 | GtkWidget * gtk_dialog_get_content_area (GtkDialog *dialog);
      |             ^~~~~~~~~~~~~~~~~~~~~~~~~~~
gtk/xap_UnixDlg_FontChooser.cpp: In member function 'GtkWidget* XAP_UnixDialog_FontChooser::constructWindowContents(GtkWidget*)':
gtk/xap_UnixDlg_FontChooser.cpp:710:54: warning: 'GtkWidget* gtk_color_chooser_widget_new()' is deprecated [-Wdeprecated-declarations]
  710 |         colorSelector = gtk_color_chooser_widget_new ();
      |                         ~~~~~~~~~~~~~~~~~~~~~~~~~~~~~^~
In file included from /usr/include/gtk-4.0/gtk/gtk.h:85:
/usr/include/gtk-4.0/gtk/deprecated/gtkcolorchooserwidget.h:38:13: note: declared here
   38 | GtkWidget * gtk_color_chooser_widget_new      (void);
      |             ^~~~~~~~~~~~~~~~~~~~~~~~~~~~
gtk/xap_UnixDlg_FontChooser.cpp:712:40: warning: 'void gtk_color_chooser_set_use_alpha(GtkColorChooser*, gboolean)' is deprecated [-Wdeprecated-declarations]
  712 |         gtk_color_chooser_set_use_alpha(GTK_COLOR_CHOOSER(colorSelector), FALSE);
      |         ~~~~~~~~~~~~~~~~~~~~~~~~~~~~~~~^~~~~~~~~~~~~~~~~~~~~~~~~~~~~~~~~~~~~~~~~
/usr/include/gtk-4.0/gtk/deprecated/gtkcolorchooser.h:75:10: note: declared here
   75 | void     gtk_color_chooser_set_use_alpha  (GtkColorChooser *chooser,
      |          ^~~~~~~~~~~~~~~~~~~~~~~~~~~~~~~
gtk/xap_UnixDlg_FontChooser.cpp:733:56: warning: 'GtkWidget* gtk_color_chooser_widget_new()' is deprecated [-Wdeprecated-declarations]
  733 |         colorBGSelector = gtk_color_chooser_widget_new ();
      |                           ~~~~~~~~~~~~~~~~~~~~~~~~~~~~~^~
/usr/include/gtk-4.0/gtk/deprecated/gtkcolorchooserwidget.h:38:13: note: declared here
   38 | GtkWidget * gtk_color_chooser_widget_new      (void);
      |             ^~~~~~~~~~~~~~~~~~~~~~~~~~~~
gtk/xap_UnixDlg_FontChooser.cpp:735:40: warning: 'void gtk_color_chooser_set_use_alpha(GtkColorChooser*, gboolean)' is deprecated [-Wdeprecated-declarations]
  735 |         gtk_color_chooser_set_use_alpha(GTK_COLOR_CHOOSER(colorBGSelector), FALSE);
      |         ~~~~~~~~~~~~~~~~~~~~~~~~~~~~~~~^~~~~~~~~~~~~~~~~~~~~~~~~~~~~~~~~~~~~~~~~~~
/usr/include/gtk-4.0/gtk/deprecated/gtkcolorchooser.h:75:10: note: declared here
   75 | void     gtk_color_chooser_set_use_alpha  (GtkColorChooser *chooser,
      |          ^~~~~~~~~~~~~~~~~~~~~~~~~~~~~~~
gtk/xap_UnixDlg_FontChooser.cpp: In member function 'virtual void XAP_UnixDialog_FontChooser::runModal(XAP_Frame*)':
gtk/xap_UnixDlg_FontChooser.cpp:1008:43: warning: 'void gtk_color_chooser_set_rgba(GtkColorChooser*, const GdkRGBA*)' is deprecated [-Wdeprecated-declarations]
 1008 |                 gtk_color_chooser_set_rgba(GTK_COLOR_CHOOSER(m_colorSelector), &m_currentFGColor);
      |                 ~~~~~~~~~~~~~~~~~~~~~~~~~~^~~~~~~~~~~~~~~~~~~~~~~~~~~~~~~~~~~~~~~~~~~~~~~~~~~~~~~
/usr/include/gtk-4.0/gtk/deprecated/gtkcolorchooser.h:69:10: note: declared here
   69 | void     gtk_color_chooser_set_rgba       (GtkColorChooser *chooser,
      |          ^~~~~~~~~~~~~~~~~~~~~~~~~~
gtk/xap_UnixDlg_FontChooser.cpp:1017:43: warning: 'void gtk_color_chooser_set_rgba(GtkColorChooser*, const GdkRGBA*)' is deprecated [-Wdeprecated-declarations]
 1017 |                 gtk_color_chooser_set_rgba(GTK_COLOR_CHOOSER(m_colorSelector), &m_funkyColor);
      |                 ~~~~~~~~~~~~~~~~~~~~~~~~~~^~~~~~~~~~~~~~~~~~~~~~~~~~~~~~~~~~~~~~~~~~~~~~~~~~~
/usr/include/gtk-4.0/gtk/deprecated/gtkcolorchooser.h:69:10: note: declared here
   69 | void     gtk_color_chooser_set_rgba       (GtkColorChooser *chooser,
      |          ^~~~~~~~~~~~~~~~~~~~~~~~~~
gtk/xap_UnixDlg_FontChooser.cpp:1031:43: warning: 'void gtk_color_chooser_set_rgba(GtkColorChooser*, const GdkRGBA*)' is deprecated [-Wdeprecated-declarations]
 1031 |                 gtk_color_chooser_set_rgba(GTK_COLOR_CHOOSER(m_bgcolorSelector), &m_currentBGColor);
      |                 ~~~~~~~~~~~~~~~~~~~~~~~~~~^~~~~~~~~~~~~~~~~~~~~~~~~~~~~~~~~~~~~~~~~~~~~~~~~~~~~~~~~
/usr/include/gtk-4.0/gtk/deprecated/gtkcolorchooser.h:69:10: note: declared here
   69 | void     gtk_color_chooser_set_rgba       (GtkColorChooser *chooser,
      |          ^~~~~~~~~~~~~~~~~~~~~~~~~~
gtk/xap_UnixDlg_FontChooser.cpp:1073:34: warning: 'void gtk_widget_get_allocation(GtkWidget*, GtkAllocation*)' is deprecated: Use 'gtk_widget_compute_bounds' instead [-Wdeprecated-declarations]
 1073 |         gtk_widget_get_allocation(m_preview, &alloc);
      |         ~~~~~~~~~~~~~~~~~~~~~~~~~^~~~~~~~~~~~~~~~~~~
In file included from /usr/include/gtk-4.0/gtk/gtkapplication.h:26,
                 from /usr/include/gtk-4.0/gtk/gtkwindow.h:32,
                 from /usr/include/gtk-4.0/gtk/gtkaboutdialog.h:29,
                 from /usr/include/gtk-4.0/gtk/gtk.h:33:
/usr/include/gtk-4.0/gtk/gtkwidget.h:479:23: note: declared here
  479 | void                  gtk_widget_get_allocation         (GtkWidget     *widget,
      |                       ^~~~~~~~~~~~~~~~~~~~~~~~~
In file included from gtk/xap_UnixDlg_FileOpenSaveAs.cpp:45:
../../../src/af/gr/xp/gr_RenderInfo.h: In member function 'UT_uint32 GR_Itemization::getNthLength(UT_sint32)':
../../../src/af/gr/xp/gr_RenderInfo.h:143:75: warning: comparison of integer expressions of different signedness: 'UT_sint32' {aka 'int'} and 'std::vector<int>::size_type' {aka 'long unsigned int'} [-Wsign-compare]
  143 |                                                   UT_return_val_if_fail(i < m_vOffsets.size()-1, 0);
      |                                                                         ~~^~~~~~~~~~~~~~~~~~~~~
../../../src/af/util/xp/ut_assert.h:108:48: note: in definition of macro 'UT_return_val_if_fail'
  108 | #define UT_return_val_if_fail(cond, val) if (!(cond)) { UT_ASSERT(cond); return (val); }
      |                                                ^~~~
gtk/xap_UnixDlg_FileOpenSaveAs.cpp: In function 'gboolean fsel_key_released(GtkEventControllerKey*, guint, guint, GdkModifierType, gpointer)':
gtk/xap_UnixDlg_FileOpenSaveAs.cpp:185:36: warning: 'void gtk_dialog_response(GtkDialog*, int)' is deprecated [-Wdeprecated-declarations]
  185 |                 gtk_dialog_response(GTK_DIALOG(widget), GTK_RESPONSE_CANCEL);
      |                 ~~~~~~~~~~~~~~~~~~~^~~~~~~~~~~~~~~~~~~~~~~~~~~~~~~~~~~~~~~~~
In file included from /usr/include/gtk-4.0/gtk/deprecated/gtkappchooserdialog.h:31,
                 from /usr/include/gtk-4.0/gtk/gtk.h:43,
                 from gtk/xap_UnixDlg_FileOpenSaveAs.cpp:34:
/usr/include/gtk-4.0/gtk/deprecated/gtkdialog.h:168:6: note: declared here
  168 | void gtk_dialog_response           (GtkDialog *dialog,
      |      ^~~~~~~~~~~~~~~~~~~
gtk/xap_UnixDlg_FileOpenSaveAs.cpp: In function 'void s_file_activated(GtkWidget*, XAP_Dialog_FileOpenSaveAs::tAnswer*)':
gtk/xap_UnixDlg_FileOpenSaveAs.cpp:201:36: warning: 'void gtk_dialog_response(GtkDialog*, int)' is deprecated [-Wdeprecated-declarations]
  201 |                 gtk_dialog_response(GTK_DIALOG(dialog), GTK_RESPONSE_ACCEPT);
      |                 ~~~~~~~~~~~~~~~~~~~^~~~~~~~~~~~~~~~~~~~~~~~~~~~~~~~~~~~~~~~~
/usr/include/gtk-4.0/gtk/deprecated/gtkdialog.h:168:6: note: declared here
  168 | void gtk_dialog_response           (GtkDialog *dialog,
      |      ^~~~~~~~~~~~~~~~~~~
gtk/xap_UnixDlg_FileOpenSaveAs.cpp: In function 'gboolean s_fc_selected_is_folder(GtkFileChooser*)':
gtk/xap_UnixDlg_FileOpenSaveAs.cpp:210:46: warning: 'GFile* gtk_file_chooser_get_file(GtkFileChooser*)' is deprecated [-Wdeprecated-declarations]
  210 |         GFile * f = gtk_file_chooser_get_file(fc);
      |                     ~~~~~~~~~~~~~~~~~~~~~~~~~^~~~
In file included from /usr/include/gtk-4.0/gtk/gtk.h:130:
/usr/include/gtk-4.0/gtk/deprecated/gtkfilechooser.h:119:22: note: declared here
  119 | GFile *              gtk_file_chooser_get_file            (GtkFileChooser       *chooser);
      |                      ^~~~~~~~~~~~~~~~~~~~~~~~~
gtk/xap_UnixDlg_FileOpenSaveAs.cpp: In member function 'void XAP_UnixDialog_FileOpenSaveAs::fileTypeChanged(GtkWidget*)':
gtk/xap_UnixDlg_FileOpenSaveAs.cpp:595:42: warning: 'void gtk_file_chooser_set_current_name(GtkFileChooser*, const char*)' is deprecated [-Wdeprecated-declarations]
  595 |         gtk_file_chooser_set_current_name(m_FC, UT_basename(sFileName.c_str()));
      |         ~~~~~~~~~~~~~~~~~~~~~~~~~~~~~~~~~^~~~~~~~~~~~~~~~~~~~~~~~~~~~~~~~~~~~~~
/usr/include/gtk-4.0/gtk/deprecated/gtkfilechooser.h:111:22: note: declared here
  111 | void                 gtk_file_chooser_set_current_name    (GtkFileChooser       *chooser,
      |                      ^~~~~~~~~~~~~~~~~~~~~~~~~~~~~~~~~
gtk/xap_UnixDlg_FileOpenSaveAs.cpp: In member function 'virtual void XAP_UnixDialog_FileOpenSaveAs::runModal(XAP_Frame*)':
gtk/xap_UnixDlg_FileOpenSaveAs.cpp:727:35: warning: 'GtkWidget* gtk_dialog_new()' is deprecated [-Wdeprecated-declarations]
  727 |         m_dialog = gtk_dialog_new ();
      |                    ~~~~~~~~~~~~~~~^~
/usr/include/gtk-4.0/gtk/deprecated/gtkdialog.h:130:12: note: declared here
  130 | GtkWidget* gtk_dialog_new      (void);
      |            ^~~~~~~~~~~~~~
gtk/xap_UnixDlg_FileOpenSaveAs.cpp:732:31: warning: 'void gtk_dialog_add_buttons(GtkDialog*, const char*, ...)' is deprecated [-Wdeprecated-declarations]
  732 |         gtk_dialog_add_buttons(GTK_DIALOG(m_dialog),
      |         ~~~~~~~~~~~~~~~~~~~~~~^~~~~~~~~~~~~~~~~~~~~~
  733 |                                                    cancel.c_str(), GTK_RESPONSE_CANCEL,
      |                                                    ~~~~~~~~~~~~~~~~~~~~~~~~~~~~~~~~~~~~
  734 |                                                    convertMnemonics(validate).c_str(), GTK_RESPONSE_ACCEPT,
      |                                                    ~~~~~~~~~~~~~~~~~~~~~~~~~~~~~~~~~~~~~~~~~~~~~~~~~~~~~~~~
  735 |                                                    static_cast<gchar*>(nullptr));
      |                                                    ~~~~~~~~~~~~~~~~~~~~~~~~~~~~~
/usr/include/gtk-4.0/gtk/deprecated/gtkdialog.h:148:12: note: declared here
  148 | void       gtk_dialog_add_buttons       (GtkDialog   *dialog,
      |            ^~~~~~~~~~~~~~~~~~~~~~
gtk/xap_UnixDlg_FileOpenSaveAs.cpp:736:40: warning: 'void gtk_dialog_set_default_response(GtkDialog*, int)' is deprecated [-Wdeprecated-declarations]
  736 |         gtk_dialog_set_default_response(GTK_DIALOG(m_dialog), GTK_RESPONSE_ACCEPT);
      |         ~~~~~~~~~~~~~~~~~~~~~~~~~~~~~~~^~~~~~~~~~~~~~~~~~~~~~~~~~~~~~~~~~~~~~~~~~~
/usr/include/gtk-4.0/gtk/deprecated/gtkdialog.h:157:6: note: declared here
  157 | void gtk_dialog_set_default_response   (GtkDialog *dialog,
      |      ^~~~~~~~~~~~~~~~~~~~~~~~~~~~~~~
gtk/xap_UnixDlg_FileOpenSaveAs.cpp:740:17: warning: 'GtkWidget* gtk_file_chooser_widget_new(GtkFileChooserAction)' is deprecated [-Wdeprecated-declarations]
  739 |         GtkWidget * chooser = gtk_file_chooser_widget_new
      |                               ~~~~~~~~~~~~~~~~~~~~~~~~~~~
  740 |                 (!m_bSave ? GTK_FILE_CHOOSER_ACTION_OPEN : GTK_FILE_CHOOSER_ACTION_SAVE);
      |                 ^~~~~~~~~~~~~~~~~~~~~~~~~~~~~~~~~~~~~~~~~~~~~~~~~~~~~~~~~~~~~~~~~~~~~~~~
In file included from /usr/include/gtk-4.0/gtk/gtk.h:133:
/usr/include/gtk-4.0/gtk/deprecated/gtkfilechooserwidget.h:39:12: note: declared here
   39 | GtkWidget *gtk_file_chooser_widget_new              (GtkFileChooserAction  action);
      |            ^~~~~~~~~~~~~~~~~~~~~~~~~~~
gtk/xap_UnixDlg_FileOpenSaveAs.cpp:745:58: warning: 'GtkWidget* gtk_dialog_get_content_area(GtkDialog*)' is deprecated [-Wdeprecated-declarations]
  745 |         GtkWidget * content = gtk_dialog_get_content_area(GTK_DIALOG(m_dialog));
      |                               ~~~~~~~~~~~~~~~~~~~~~~~~~~~^~~~~~~~~~~~~~~~~~~~~~
/usr/include/gtk-4.0/gtk/deprecated/gtkdialog.h:172:13: note: declared here
  172 | GtkWidget * gtk_dialog_get_content_area (GtkDialog *dialog);
      |             ^~~~~~~~~~~~~~~~~~~~~~~~~~~
gtk/xap_UnixDlg_FileOpenSaveAs.cpp:1046:68: warning: 'gboolean gtk_file_chooser_set_current_folder(GtkFileChooser*, GFile*, GError**)' is deprecated [-Wdeprecated-declarations]
 1046 |                                 gtk_file_chooser_set_current_folder(m_FC, folder, nullptr);
      |                                 ~~~~~~~~~~~~~~~~~~~~~~~~~~~~~~~~~~~^~~~~~~~~~~~~~~~~~~~~~~
/usr/include/gtk-4.0/gtk/deprecated/gtkfilechooser.h:127:22: note: declared here
  127 | gboolean             gtk_file_chooser_set_current_folder  (GtkFileChooser       *chooser,
      |                      ^~~~~~~~~~~~~~~~~~~~~~~~~~~~~~~~~~~
gtk/xap_UnixDlg_FileOpenSaveAs.cpp:1089:58: warning: 'gboolean gtk_file_chooser_set_file(GtkFileChooser*, GFile*, GError**)' is deprecated [-Wdeprecated-declarations]
 1089 |                                 gtk_file_chooser_set_file(m_FC, file, nullptr);
      |                                 ~~~~~~~~~~~~~~~~~~~~~~~~~^~~~~~~~~~~~~~~~~~~~~
/usr/include/gtk-4.0/gtk/deprecated/gtkfilechooser.h:121:22: note: declared here
  121 | gboolean             gtk_file_chooser_set_file            (GtkFileChooser       *chooser,
      |                      ^~~~~~~~~~~~~~~~~~~~~~~~~
gtk/xap_UnixDlg_FileOpenSaveAs.cpp:1099:76: warning: 'gboolean gtk_file_chooser_set_current_folder(GtkFileChooser*, GFile*, GError**)' is deprecated [-Wdeprecated-declarations]
 1099 |                                         gtk_file_chooser_set_current_folder(m_FC, folder, nullptr);
      |                                         ~~~~~~~~~~~~~~~~~~~~~~~~~~~~~~~~~~~^~~~~~~~~~~~~~~~~~~~~~~
/usr/include/gtk-4.0/gtk/deprecated/gtkfilechooser.h:127:22: note: declared here
  127 | gboolean             gtk_file_chooser_set_current_folder  (GtkFileChooser       *chooser,
      |                      ^~~~~~~~~~~~~~~~~~~~~~~~~~~~~~~~~~~
gtk/xap_UnixDlg_FileOpenSaveAs.cpp: In member function 'gint XAP_UnixDialog_FileOpenSaveAs::previewPicture(cairo_t*)':
gtk/xap_UnixDlg_FileOpenSaveAs.cpp:1218:35: warning: 'void gtk_widget_get_allocation(GtkWidget*, GtkAllocation*)' is deprecated: Use 'gtk_widget_compute_bounds' instead [-Wdeprecated-declarations]
 1218 |         gtk_widget_get_allocation (m_preview, &alloc);
      |         ~~~~~~~~~~~~~~~~~~~~~~~~~~^~~~~~~~~~~~~~~~~~~
In file included from /usr/include/gtk-4.0/gtk/gtkapplication.h:26,
                 from /usr/include/gtk-4.0/gtk/gtkwindow.h:32,
                 from /usr/include/gtk-4.0/gtk/gtkaboutdialog.h:29,
                 from /usr/include/gtk-4.0/gtk/gtk.h:33:
/usr/include/gtk-4.0/gtk/gtkwidget.h:479:23: note: declared here
  479 | void                  gtk_widget_get_allocation         (GtkWidget     *widget,
      |                       ^~~~~~~~~~~~~~~~~~~~~~~~~
gtk/xap_UnixDlg_HTMLOptions.cpp: In member function 'GtkWidget* XAP_UnixDialog_HTMLOptions::_constructWindow()':
gtk/xap_UnixDlg_HTMLOptions.cpp:294:59: warning: 'GtkWidget* gtk_dialog_get_content_area(GtkDialog*)' is deprecated [-Wdeprecated-declarations]
  294 |         GtkWidget * vboxMain = gtk_dialog_get_content_area(GTK_DIALOG(m_windowMain));
      |                                ~~~~~~~~~~~~~~~~~~~~~~~~~~~^~~~~~~~~~~~~~~~~~~~~~~~~~
In file included from /usr/include/gtk-4.0/gtk/deprecated/gtkappchooserdialog.h:31,
                 from /usr/include/gtk-4.0/gtk/gtk.h:43,
                 from ../../../src/af/util/xp/ut_misc.h:233,
                 from ../../../src/af/xap/xp/xap_Frame.h:29,
                 from gtk/xap_UnixDlg_HTMLOptions.cpp:25:
/usr/include/gtk-4.0/gtk/deprecated/gtkdialog.h:172:13: note: declared here
  172 | GtkWidget * gtk_dialog_get_content_area (GtkDialog *dialog);
      |             ^~~~~~~~~~~~~~~~~~~~~~~~~~~
  CXX      gtk/xap_UnixDlg_Insert_Symbol.lo
  CXX      gtk/xap_UnixDlg_Language.lo
  CXX      gtk/xap_UnixDlg_ListDocuments.lo
  CXX      gtk/xap_UnixDlg_MessageBox.lo
In file included from gtk/xap_UnixDlg_Insert_Symbol.cpp:33:
../../../src/af/gr/xp/gr_RenderInfo.h: In member function 'UT_uint32 GR_Itemization::getNthLength(UT_sint32)':
../../../src/af/gr/xp/gr_RenderInfo.h:143:75: warning: comparison of integer expressions of different signedness: 'UT_sint32' {aka 'int'} and 'std::vector<int>::size_type' {aka 'long unsigned int'} [-Wsign-compare]
  143 |                                                   UT_return_val_if_fail(i < m_vOffsets.size()-1, 0);
      |                                                                         ~~^~~~~~~~~~~~~~~~~~~~~
../../../src/af/util/xp/ut_assert.h:108:48: note: in definition of macro 'UT_return_val_if_fail'
  108 | #define UT_return_val_if_fail(cond, val) if (!(cond)) { UT_ASSERT(cond); return (val); }
      |                                                ^~~~
gtk/xap_UnixDlg_Language.cpp: In static member function 'static void XAP_UnixDialog_Language::s_lang_dblclicked(GtkListView*, guint, XAP_UnixDialog_Language*)':
gtk/xap_UnixDlg_Language.cpp:109:29: warning: 'void gtk_dialog_response(GtkDialog*, int)' is deprecated [-Wdeprecated-declarations]
  109 |         gtk_dialog_response (GTK_DIALOG(me->m_windowMain), GTK_RESPONSE_OK);
      |         ~~~~~~~~~~~~~~~~~~~~^~~~~~~~~~~~~~~~~~~~~~~~~~~~~~~~~~~~~~~~~~~~~~~
In file included from /usr/include/gtk-4.0/gtk/deprecated/gtkappchooserdialog.h:31,
                 from /usr/include/gtk-4.0/gtk/gtk.h:43,
                 from gtk/xap_UnixDlg_Language.cpp:25:
/usr/include/gtk-4.0/gtk/deprecated/gtkdialog.h:168:6: note: declared here
  168 | void gtk_dialog_response           (GtkDialog *dialog,
      |      ^~~~~~~~~~~~~~~~~~~
gtk/xap_UnixDlg_ListDocuments.cpp: In static member function 'static void XAP_UnixDialog_ListDocuments::s_list_activated(GtkListView*, guint, XAP_UnixDialog_ListDocuments*)':
gtk/xap_UnixDlg_ListDocuments.cpp:71:29: warning: 'void gtk_dialog_response(GtkDialog*, int)' is deprecated [-Wdeprecated-declarations]
   71 |         gtk_dialog_response (GTK_DIALOG(me->m_windowMain), CUSTOM_RESPONSE_VIEW);
      |         ~~~~~~~~~~~~~~~~~~~~^~~~~~~~~~~~~~~~~~~~~~~~~~~~~~~~~~~~~~~~~~~~~~~~~~~~
In file included from /usr/include/gtk-4.0/gtk/deprecated/gtkappchooserdialog.h:31,
                 from /usr/include/gtk-4.0/gtk/gtk.h:43,
                 from gtk/xap_UnixDialogHelper.h:23,
                 from gtk/xap_UnixDlg_ListDocuments.cpp:31:
/usr/include/gtk-4.0/gtk/deprecated/gtkdialog.h:168:6: note: declared here
  168 | void gtk_dialog_response           (GtkDialog *dialog,
      |      ^~~~~~~~~~~~~~~~~~~
gtk/xap_UnixDlg_Insert_Symbol.cpp: In member function 'virtual void XAP_UnixDialog_Insert_Symbol::runModeless(XAP_Frame*)':
gtk/xap_UnixDlg_Insert_Symbol.cpp:138:34: warning: 'void gtk_widget_get_allocation(GtkWidget*, GtkAllocation*)' is deprecated: Use 'gtk_widget_compute_bounds' instead [-Wdeprecated-declarations]
  138 |         gtk_widget_get_allocation(m_SymbolMap, &alloc);
      |         ~~~~~~~~~~~~~~~~~~~~~~~~~^~~~~~~~~~~~~~~~~~~~~
In file included from /usr/include/gtk-4.0/gtk/gtkapplication.h:26,
                 from /usr/include/gtk-4.0/gtk/gtkwindow.h:32,
                 from /usr/include/gtk-4.0/gtk/gtkaboutdialog.h:29,
                 from /usr/include/gtk-4.0/gtk/gtk.h:33,
                 from ../../../src/af/util/unix/ut_unixColor.h:29,
                 from ../../../src/af/util/xp/ut_color.h:161,
                 from ../../../src/af/gr/xp/gr_CairoGraphics.h:33,
                 from ../../../src/af/gr/gtk/gr_UnixCairoGraphics.h:27,
                 from gtk/xap_UnixDlg_Insert_Symbol.cpp:38:
/usr/include/gtk-4.0/gtk/gtkwidget.h:479:23: note: declared here
  479 | void                  gtk_widget_get_allocation         (GtkWidget     *widget,
      |                       ^~~~~~~~~~~~~~~~~~~~~~~~~
gtk/xap_UnixDlg_Insert_Symbol.cpp:166:34: warning: 'void gtk_widget_get_allocation(GtkWidget*, GtkAllocation*)' is deprecated: Use 'gtk_widget_compute_bounds' instead [-Wdeprecated-declarations]
  166 |         gtk_widget_get_allocation(m_areaCurrentSym, &alloc);
      |         ~~~~~~~~~~~~~~~~~~~~~~~~~^~~~~~~~~~~~~~~~~~~~~~~~~~
/usr/include/gtk-4.0/gtk/gtkwidget.h:479:23: note: declared here
  479 | void                  gtk_widget_get_allocation         (GtkWidget     *widget,
      |                       ^~~~~~~~~~~~~~~~~~~~~~~~~
gtk/xap_UnixDlg_Insert_Symbol.cpp: In member function 'GtkWidget* XAP_UnixDialog_Insert_Symbol::_constructWindow()':
gtk/xap_UnixDlg_Insert_Symbol.cpp:614:42: warning: 'GtkWidget* gtk_dialog_get_content_area(GtkDialog*)' is deprecated [-Wdeprecated-declarations]
  614 |         tmp = gtk_dialog_get_content_area(GTK_DIALOG(m_windowMain));
      |               ~~~~~~~~~~~~~~~~~~~~~~~~~~~^~~~~~~~~~~~~~~~~~~~~~~~~~
In file included from /usr/include/gtk-4.0/gtk/deprecated/gtkappchooserdialog.h:31,
                 from /usr/include/gtk-4.0/gtk/gtk.h:43:
/usr/include/gtk-4.0/gtk/deprecated/gtkdialog.h:172:13: note: declared here
  172 | GtkWidget * gtk_dialog_get_content_area (GtkDialog *dialog);
      |             ^~~~~~~~~~~~~~~~~~~~~~~~~~~
  CXX      gtk/xap_UnixDlg_Password.lo
  CXX      gtk/xap_UnixDlg_Print.lo
gtk/xap_UnixDlg_MessageBox.cpp: In member function 'virtual void XAP_UnixDialog_MessageBox::runModal(XAP_Frame*)':
gtk/xap_UnixDlg_MessageBox.cpp:93:41: warning: 'GtkWidget* gtk_message_dialog_new(GtkWindow*, GtkDialogFlags, GtkMessageType, GtkButtonsType, const char*, ...)' is deprecated [-Wdeprecated-declarations]
   93 |         message = gtk_message_dialog_new(toplevel, dflFlags,
      |                   ~~~~~~~~~~~~~~~~~~~~~~^~~~~~~~~~~~~~~~~~~~
   94 |                                          GTK_MESSAGE_INFO, GTK_BUTTONS_OK,
      |                                          ~~~~~~~~~~~~~~~~~~~~~~~~~~~~~~~~~
   95 |                                          "%s", m_message.c_str());
      |                                          ~~~~~~~~~~~~~~~~~~~~~~~~
In file included from /usr/include/gtk-4.0/gtk/gtk.h:192,
                 from gtk/xap_UnixDlg_MessageBox.cpp:31:
/usr/include/gtk-4.0/gtk/deprecated/gtkmessagedialog.h:81:12: note: declared here
   81 | GtkWidget* gtk_message_dialog_new      (GtkWindow      *parent,
      |            ^~~~~~~~~~~~~~~~~~~~~~
gtk/xap_UnixDlg_MessageBox.cpp:100:41: warning: 'GtkWidget* gtk_message_dialog_new(GtkWindow*, GtkDialogFlags, GtkMessageType, GtkButtonsType, const char*, ...)' is deprecated [-Wdeprecated-declarations]
  100 |         message = gtk_message_dialog_new(toplevel, dflFlags,
      |                   ~~~~~~~~~~~~~~~~~~~~~~^~~~~~~~~~~~~~~~~~~~
  101 |                                          GTK_MESSAGE_QUESTION,
      |                                          ~~~~~~~~~~~~~~~~~~~~~
  102 |                                          GTK_BUTTONS_YES_NO,
      |                                          ~~~~~~~~~~~~~~~~~~~
  103 |                                          "%s", m_message.c_str());
      |                                          ~~~~~~~~~~~~~~~~~~~~~~~~
/usr/include/gtk-4.0/gtk/deprecated/gtkmessagedialog.h:81:12: note: declared here
   81 | GtkWidget* gtk_message_dialog_new      (GtkWindow      *parent,
      |            ^~~~~~~~~~~~~~~~~~~~~~
gtk/xap_UnixDlg_MessageBox.cpp:105:44: warning: 'void gtk_dialog_set_default_response(GtkDialog*, int)' is deprecated [-Wdeprecated-declarations]
  105 |             gtk_dialog_set_default_response(GTK_DIALOG(message), GTK_RESPONSE_YES);
      |             ~~~~~~~~~~~~~~~~~~~~~~~~~~~~~~~^~~~~~~~~~~~~~~~~~~~~~~~~~~~~~~~~~~~~~~
In file included from /usr/include/gtk-4.0/gtk/deprecated/gtkappchooserdialog.h:31,
                 from /usr/include/gtk-4.0/gtk/gtk.h:43:
/usr/include/gtk-4.0/gtk/deprecated/gtkdialog.h:157:6: note: declared here
  157 | void gtk_dialog_set_default_response   (GtkDialog *dialog,
      |      ^~~~~~~~~~~~~~~~~~~~~~~~~~~~~~~
gtk/xap_UnixDlg_MessageBox.cpp:107:44: warning: 'void gtk_dialog_set_default_response(GtkDialog*, int)' is deprecated [-Wdeprecated-declarations]
  107 |             gtk_dialog_set_default_response(GTK_DIALOG(message), GTK_RESPONSE_NO);
      |             ~~~~~~~~~~~~~~~~~~~~~~~~~~~~~~~^~~~~~~~~~~~~~~~~~~~~~~~~~~~~~~~~~~~~~
/usr/include/gtk-4.0/gtk/deprecated/gtkdialog.h:157:6: note: declared here
  157 | void gtk_dialog_set_default_response   (GtkDialog *dialog,
      |      ^~~~~~~~~~~~~~~~~~~~~~~~~~~~~~~
gtk/xap_UnixDlg_MessageBox.cpp:115:41: warning: 'GtkWidget* gtk_message_dialog_new(GtkWindow*, GtkDialogFlags, GtkMessageType, GtkButtonsType, const char*, ...)' is deprecated [-Wdeprecated-declarations]
  115 |         message = gtk_message_dialog_new(toplevel, dflFlags,
      |                   ~~~~~~~~~~~~~~~~~~~~~~^~~~~~~~~~~~~~~~~~~~
  116 |                                          GTK_MESSAGE_QUESTION, GTK_BUTTONS_NONE,
      |                                          ~~~~~~~~~~~~~~~~~~~~~~~~~~~~~~~~~~~~~~~
  117 |                                          "%s", m_message.c_str());
      |                                          ~~~~~~~~~~~~~~~~~~~~~~~~
/usr/include/gtk-4.0/gtk/deprecated/gtkmessagedialog.h:81:12: note: declared here
   81 | GtkWidget* gtk_message_dialog_new      (GtkWindow      *parent,
      |            ^~~~~~~~~~~~~~~~~~~~~~
gtk/xap_UnixDlg_MessageBox.cpp:124:56: warning: 'GtkWidget* gtk_dialog_add_button(GtkDialog*, const char*, int)' is deprecated [-Wdeprecated-declarations]
  124 |         GtkWidget* close_button = gtk_dialog_add_button(GTK_DIALOG(message),
      |                                   ~~~~~~~~~~~~~~~~~~~~~^~~~~~~~~~~~~~~~~~~~~
  125 |                                                         convertMnemonics(no).c_str(),
      |                                                         ~~~~~~~~~~~~~~~~~~~~~~~~~~~~~
  126 |                                                         GTK_RESPONSE_NO);
      |                                                         ~~~~~~~~~~~~~~~~
/usr/include/gtk-4.0/gtk/deprecated/gtkdialog.h:144:12: note: declared here
  144 | GtkWidget* gtk_dialog_add_button        (GtkDialog   *dialog,
      |            ^~~~~~~~~~~~~~~~~~~~~
gtk/xap_UnixDlg_MessageBox.cpp:127:65: warning: 'GtkStyleContext* gtk_widget_get_style_context(GtkWidget*)' is deprecated [-Wdeprecated-declarations]
  127 |         gtk_style_context_add_class(gtk_widget_get_style_context(close_button),
      |                                     ~~~~~~~~~~~~~~~~~~~~~~~~~~~~^~~~~~~~~~~~~~
In file included from /usr/include/gtk-4.0/gtk/gtkapplication.h:26,
                 from /usr/include/gtk-4.0/gtk/gtkwindow.h:32,
                 from /usr/include/gtk-4.0/gtk/gtkaboutdialog.h:29,
                 from /usr/include/gtk-4.0/gtk/gtk.h:33:
/usr/include/gtk-4.0/gtk/gtkwidget.h:710:19: note: declared here
  710 | GtkStyleContext * gtk_widget_get_style_context (GtkWidget *widget);
      |                   ^~~~~~~~~~~~~~~~~~~~~~~~~~~~
gtk/xap_UnixDlg_MessageBox.cpp:127:36: warning: 'void gtk_style_context_add_class(GtkStyleContext*, const char*)' is deprecated [-Wdeprecated-declarations]
  127 |         gtk_style_context_add_class(gtk_widget_get_style_context(close_button),
      |         ~~~~~~~~~~~~~~~~~~~~~~~~~~~^~~~~~~~~~~~~~~~~~~~~~~~~~~~~~~~~~~~~~~~~~~~
  128 |                                      "destructive-action");
      |                                      ~~~~~~~~~~~~~~~~~~~~~
In file included from /usr/include/gtk-4.0/gtk/gtk.h:267:
/usr/include/gtk-4.0/gtk/deprecated/gtkstylecontext.h:90:10: note: declared here
   90 | void     gtk_style_context_add_class    (GtkStyleContext *context,
      |          ^~~~~~~~~~~~~~~~~~~~~~~~~~~
gtk/xap_UnixDlg_MessageBox.cpp:130:30: warning: 'GtkWidget* gtk_dialog_add_button(GtkDialog*, const char*, int)' is deprecated [-Wdeprecated-declarations]
  130 |         gtk_dialog_add_button(GTK_DIALOG(message), convertMnemonics(cancel).c_str(),
      |         ~~~~~~~~~~~~~~~~~~~~~^~~~~~~~~~~~~~~~~~~~~~~~~~~~~~~~~~~~~~~~~~~~~~~~~~~~~~~
  131 |                               GTK_RESPONSE_CANCEL);
      |                               ~~~~~~~~~~~~~~~~~~~~
/usr/include/gtk-4.0/gtk/deprecated/gtkdialog.h:144:12: note: declared here
  144 | GtkWidget* gtk_dialog_add_button        (GtkDialog   *dialog,
      |            ^~~~~~~~~~~~~~~~~~~~~
gtk/xap_UnixDlg_MessageBox.cpp:132:30: warning: 'GtkWidget* gtk_dialog_add_button(GtkDialog*, const char*, int)' is deprecated [-Wdeprecated-declarations]
  132 |         gtk_dialog_add_button(GTK_DIALOG(message), convertMnemonics(save).c_str(),
      |         ~~~~~~~~~~~~~~~~~~~~~^~~~~~~~~~~~~~~~~~~~~~~~~~~~~~~~~~~~~~~~~~~~~~~~~~~~~
  133 |                               GTK_RESPONSE_YES);
      |                               ~~~~~~~~~~~~~~~~~
/usr/include/gtk-4.0/gtk/deprecated/gtkdialog.h:144:12: note: declared here
  144 | GtkWidget* gtk_dialog_add_button        (GtkDialog   *dialog,
      |            ^~~~~~~~~~~~~~~~~~~~~
gtk/xap_UnixDlg_MessageBox.cpp:135:41: warning: 'void gtk_dialog_set_default_response(GtkDialog*, int)' is deprecated [-Wdeprecated-declarations]
  135 |         gtk_dialog_set_default_response (GTK_DIALOG(message),
      |         ~~~~~~~~~~~~~~~~~~~~~~~~~~~~~~~~^~~~~~~~~~~~~~~~~~~~~
  136 |                                          GTK_RESPONSE_YES);
      |                                          ~~~~~~~~~~~~~~~~~
/usr/include/gtk-4.0/gtk/deprecated/gtkdialog.h:157:6: note: declared here
  157 | void gtk_dialog_set_default_response   (GtkDialog *dialog,
      |      ^~~~~~~~~~~~~~~~~~~~~~~~~~~~~~~
gtk/xap_UnixDlg_MessageBox.cpp:145:49: warning: 'void gtk_message_dialog_format_secondary_text(GtkMessageDialog*, const char*, ...)' is deprecated [-Wdeprecated-declarations]
  145 |         gtk_message_dialog_format_secondary_text(GTK_MESSAGE_DIALOG(message),
      |         ~~~~~~~~~~~~~~~~~~~~~~~~~~~~~~~~~~~~~~~~^~~~~~~~~~~~~~~~~~~~~~~~~~~~~
  146 |                                                  "%s",
      |                                                  ~~~~~
  147 |                                                  m_secondaryMessage.c_str());
      |                                                  ~~~~~~~~~~~~~~~~~~~~~~~~~~~
/usr/include/gtk-4.0/gtk/deprecated/gtkmessagedialog.h:101:12: note: declared here
  101 | void       gtk_message_dialog_format_secondary_text (GtkMessageDialog *message_dialog,
      |            ^~~~~~~~~~~~~~~~~~~~~~~~~~~~~~~~~~~~~~~~
  CXX      gtk/xap_UnixDlg_PrintPreview.lo
  CXX      gtk/xap_UnixDlg_WindowMore.lo
gtk/xap_UnixDlg_Password.cpp: In member function 'void XAP_UnixDialog_Password::event_Return()':
gtk/xap_UnixDlg_Password.cpp:52:29: warning: 'void gtk_dialog_response(GtkDialog*, int)' is deprecated [-Wdeprecated-declarations]
   52 |         gtk_dialog_response ( GTK_DIALOG ( mMainWindow ), GTK_RESPONSE_OK ) ;
      |         ~~~~~~~~~~~~~~~~~~~~^~~~~~~~~~~~~~~~~~~~~~~~~~~~~~~~~~~~~~~~~~~~~~~
In file included from /usr/include/gtk-4.0/gtk/deprecated/gtkappchooserdialog.h:31,
                 from /usr/include/gtk-4.0/gtk/gtk.h:43,
                 from gtk/xap_UnixDialogHelper.h:23,
                 from gtk/xap_UnixDlg_Password.cpp:27:
/usr/include/gtk-4.0/gtk/deprecated/gtkdialog.h:168:6: note: declared here
  168 | void gtk_dialog_response           (GtkDialog *dialog,
      |      ^~~~~~~~~~~~~~~~~~~
In file included from gtk/xap_UnixDlg_PrintPreview.cpp:23:
../../../src/af/gr/xp/gr_RenderInfo.h: In member function 'UT_uint32 GR_Itemization::getNthLength(UT_sint32)':
../../../src/af/gr/xp/gr_RenderInfo.h:143:75: warning: comparison of integer expressions of different signedness: 'UT_sint32' {aka 'int'} and 'std::vector<int>::size_type' {aka 'long unsigned int'} [-Wsign-compare]
  143 |                                                   UT_return_val_if_fail(i < m_vOffsets.size()-1, 0);
      |                                                                         ~~^~~~~~~~~~~~~~~~~~~~~
../../../src/af/util/xp/ut_assert.h:108:48: note: in definition of macro 'UT_return_val_if_fail'
  108 | #define UT_return_val_if_fail(cond, val) if (!(cond)) { UT_ASSERT(cond); return (val); }
      |                                                ^~~~
  CXX      gtk/xap_UnixDlg_Zoom.lo
gtk/xap_UnixDlg_WindowMore.cpp: In static member function 'static void XAP_UnixDialog_WindowMore::s_list_dblclicked(GtkListView*, guint, XAP_UnixDialog_WindowMore*)':
gtk/xap_UnixDlg_WindowMore.cpp:66:29: warning: 'void gtk_dialog_response(GtkDialog*, int)' is deprecated [-Wdeprecated-declarations]
   66 |         gtk_dialog_response (GTK_DIALOG(me->m_windowMain), CUSTOM_RESPONSE_VIEW);
      |         ~~~~~~~~~~~~~~~~~~~~^~~~~~~~~~~~~~~~~~~~~~~~~~~~~~~~~~~~~~~~~~~~~~~~~~~~
In file included from /usr/include/gtk-4.0/gtk/deprecated/gtkappchooserdialog.h:31,
                 from /usr/include/gtk-4.0/gtk/gtk.h:43,
                 from gtk/xap_UnixDialogHelper.h:23,
                 from gtk/xap_UnixDlg_WindowMore.cpp:26:
/usr/include/gtk-4.0/gtk/deprecated/gtkdialog.h:168:6: note: declared here
  168 | void gtk_dialog_response           (GtkDialog *dialog,
      |      ^~~~~~~~~~~~~~~~~~~
In file included from ../../../src/af/util/xp/ut_stringbuf.h:33,
                 from ../../../src/af/util/xp/ut_string_class.h:43,
                 from ../../../src/af/gr/xp/gr_Image.h:28,
                 from ../../../src/af/gr/xp/gr_Graphics.h:42,
                 from ../../../src/af/xap/xp/xap_Dlg_Print.h:23,
                 from gtk/xap_UnixDlg_Print.h:23,
                 from gtk/xap_UnixDlg_Print.cpp:22:
../../../src/af/gr/xp/gr_RenderInfo.h: In member function 'UT_uint32 GR_Itemization::getNthLength(UT_sint32)':
../../../src/af/gr/xp/gr_RenderInfo.h:143:75: warning: comparison of integer expressions of different signedness: 'UT_sint32' {aka 'int'} and 'std::vector<int>::size_type' {aka 'long unsigned int'} [-Wsign-compare]
  143 |                                                   UT_return_val_if_fail(i < m_vOffsets.size()-1, 0);
      |                                                                         ~~^~~~~~~~~~~~~~~~~~~~~
../../../src/af/util/xp/ut_assert.h:108:48: note: in definition of macro 'UT_return_val_if_fail'
  108 | #define UT_return_val_if_fail(cond, val) if (!(cond)) { UT_ASSERT(cond); return (val); }
      |                                                ^~~~
  CXX      gtk/xap_UnixEncodingManager.lo
  CXX      gtk/xap_UnixFontPreview.lo
  CXX      gtk/xap_UnixFrameImpl.lo
  CXX      gtk/xap_UnixTableWidget.lo
gtk/xap_UnixDlg_Zoom.cpp: In member function 'GtkWidget* XAP_UnixDialog_Zoom::_constructWindow()':
gtk/xap_UnixDlg_Zoom.cpp:290:1: warning: zero as null pointer constant [-Wzero-as-null-pointer-constant]
  290 | }
      | ^
  CXX      gtk/xap_UnixWidget.lo
gtk/xap_UnixTableWidget.cpp: In function 'void on_drawing_area_event(GtkDrawingArea*, cairo_t*, int, int, gpointer)':
gtk/xap_UnixTableWidget.cpp:222:61: warning: 'GtkStyleContext* gtk_widget_get_style_context(GtkWidget*)' is deprecated [-Wdeprecated-declarations]
  222 |         GtkStyleContext* ctxt = gtk_widget_get_style_context(
      |                                 ~~~~~~~~~~~~~~~~~~~~~~~~~~~~^
  223 |                 XAP_GtkStyle_get_widget("textview.view", GTK_STATE_FLAG_NORMAL));
      |                 ~~~~~~~~~~~~~~~~~~~~~~~~~~~~~~~~~~~~~~~~~~~~~~~~~~~~~~~~~~~~~~~~
In file included from /usr/include/gtk-4.0/gtk/gtkapplication.h:26,
                 from /usr/include/gtk-4.0/gtk/gtkwindow.h:32,
                 from /usr/include/gtk-4.0/gtk/gtkaboutdialog.h:29,
                 from /usr/include/gtk-4.0/gtk/gtk.h:33,
                 from gtk/xap_UnixTableWidget.cpp:33:
/usr/include/gtk-4.0/gtk/gtkwidget.h:710:19: note: declared here
  710 | GtkStyleContext * gtk_widget_get_style_context (GtkWidget *widget);
      |                   ^~~~~~~~~~~~~~~~~~~~~~~~~~~~
gtk/xap_UnixTableWidget.cpp:224:65: warning: 'GtkStyleContext* gtk_widget_get_style_context(GtkWidget*)' is deprecated [-Wdeprecated-declarations]
  224 |         GtkStyleContext* sel_ctxt = gtk_widget_get_style_context(
      |                                     ~~~~~~~~~~~~~~~~~~~~~~~~~~~~^
  225 |                 XAP_GtkStyle_get_widget("textview.view", GTK_STATE_FLAG_SELECTED));
      |                 ~~~~~~~~~~~~~~~~~~~~~~~~~~~~~~~~~~~~~~~~~~~~~~~~~~~~~~~~~~~~~~~~~~
/usr/include/gtk-4.0/gtk/gtkwidget.h:710:19: note: declared here
  710 | GtkStyleContext * gtk_widget_get_style_context (GtkWidget *widget);
      |                   ^~~~~~~~~~~~~~~~~~~~~~~~~~~~
gtk/xap_UnixTableWidget.cpp:232:46: warning: 'void gtk_render_background(GtkStyleContext*, cairo_t*, double, double, double, double)' is deprecated [-Wdeprecated-declarations]
  232 |                         gtk_render_background(cell_ctxt, cr, x + 1, y + 1,
      |                         ~~~~~~~~~~~~~~~~~~~~~^~~~~~~~~~~~~~~~~~~~~~~~~~~~~
  233 |                                                                   cell_width - 1, cell_height - 1);
      |                                                                   ~~~~~~~~~~~~~~~~~~~~~~~~~~~~~~~~
In file included from /usr/include/gtk-4.0/gtk/gtk.h:223:
/usr/include/gtk-4.0/gtk/deprecated/gtkrender.h:56:13: note: declared here
   56 | void        gtk_render_background  (GtkStyleContext     *context,
      |             ^~~~~~~~~~~~~~~~~~~~~
gtk/xap_UnixTableWidget.cpp:235:41: warning: 'void gtk_render_frame(GtkStyleContext*, cairo_t*, double, double, double, double)' is deprecated [-Wdeprecated-declarations]
  235 |                         gtk_render_frame(cell_ctxt, cr, x, y, cell_width, cell_height);
      |                         ~~~~~~~~~~~~~~~~^~~~~~~~~~~~~~~~~~~~~~~~~~~~~~~~~~~~~~~~~~~~~~
/usr/include/gtk-4.0/gtk/deprecated/gtkrender.h:64:13: note: declared here
   64 | void        gtk_render_frame       (GtkStyleContext     *context,
      |             ^~~~~~~~~~~~~~~~
In file included from ../../../src/af/util/xp/ut_stringbuf.h:33,
                 from ../../../src/af/util/xp/ut_string_class.h:43,
                 from ../../../src/af/xap/xp/xap_Frame.h:27,
                 from gtk/xap_UnixFontPreview.cpp:21:
../../../src/af/gr/xp/gr_RenderInfo.h: In member function 'UT_uint32 GR_Itemization::getNthLength(UT_sint32)':
../../../src/af/gr/xp/gr_RenderInfo.h:143:75: warning: comparison of integer expressions of different signedness: 'UT_sint32' {aka 'int'} and 'std::vector<int>::size_type' {aka 'long unsigned int'} [-Wsign-compare]
  143 |                                                   UT_return_val_if_fail(i < m_vOffsets.size()-1, 0);
      |                                                                         ~~^~~~~~~~~~~~~~~~~~~~~
../../../src/af/util/xp/ut_assert.h:108:48: note: in definition of macro 'UT_return_val_if_fail'
  108 | #define UT_return_val_if_fail(cond, val) if (!(cond)) { UT_ASSERT(cond); return (val); }
      |                                                ^~~~
In file included from gtk/xap_UnixFrameImpl.cpp:47:
../../../src/af/gr/xp/gr_RenderInfo.h: In member function 'UT_uint32 GR_Itemization::getNthLength(UT_sint32)':
../../../src/af/gr/xp/gr_RenderInfo.h:143:75: warning: comparison of integer expressions of different signedness: 'UT_sint32' {aka 'int'} and 'std::vector<int>::size_type' {aka 'long unsigned int'} [-Wsign-compare]
  143 |                                                   UT_return_val_if_fail(i < m_vOffsets.size()-1, 0);
      |                                                                         ~~^~~~~~~~~~~~~~~~~~~~~
../../../src/af/util/xp/ut_assert.h:108:48: note: in definition of macro 'UT_return_val_if_fail'
  108 | #define UT_return_val_if_fail(cond, val) if (!(cond)) { UT_ASSERT(cond); return (val); }
      |                                                ^~~~
  CXXLD    libxap.la
make[3]: Leaving directory '/home/szefi/Documents/exp-abi/src/af/xap'
make[3]: Entering directory '/home/szefi/Documents/exp-abi/src/af'
make[3]: Nothing to be done for 'all-am'.
make[3]: Leaving directory '/home/szefi/Documents/exp-abi/src/af'
make[2]: Leaving directory '/home/szefi/Documents/exp-abi/src/af'
Making all in text
make[2]: Entering directory '/home/szefi/Documents/exp-abi/src/text'
  CXX      fmt/xp/fb_Alignment.lo
  CXX      fmt/xp/fb_ColumnBreaker.lo
  CXX      fmt/xp/fb_LineBreaker.lo
  CXX      fmt/xp/fg_Graphic.lo
In file included from ../../src/af/util/xp/ut_vector.h:26,
                 from fmt/xp/fl_BlockLayout.h:36,
                 from fmt/xp/fb_LineBreaker.cpp:24:
../../src/af/gr/xp/gr_RenderInfo.h: In member function 'UT_uint32 GR_Itemization::getNthLength(UT_sint32)':
../../src/af/gr/xp/gr_RenderInfo.h:143:75: warning: comparison of integer expressions of different signedness: 'UT_sint32' {aka 'int'} and 'std::vector<int>::size_type' {aka 'long unsigned int'} [-Wsign-compare]
  143 |                                                   UT_return_val_if_fail(i < m_vOffsets.size()-1, 0);
      |                                                                         ~~^~~~~~~~~~~~~~~~~~~~~
../../src/af/util/xp/ut_assert.h:108:48: note: in definition of macro 'UT_return_val_if_fail'
  108 | #define UT_return_val_if_fail(cond, val) if (!(cond)) { UT_ASSERT(cond); return (val); }
      |                                                ^~~~
In file included from ../../src/af/util/xp/ut_vector.h:26,
                 from fmt/xp/fp_Line.h:31,
                 from fmt/xp/fb_Alignment.cpp:23:
../../src/af/gr/xp/gr_RenderInfo.h: In member function 'UT_uint32 GR_Itemization::getNthLength(UT_sint32)':
../../src/af/gr/xp/gr_RenderInfo.h:143:75: warning: comparison of integer expressions of different signedness: 'UT_sint32' {aka 'int'} and 'std::vector<int>::size_type' {aka 'long unsigned int'} [-Wsign-compare]
  143 |                                                   UT_return_val_if_fail(i < m_vOffsets.size()-1, 0);
      |                                                                         ~~^~~~~~~~~~~~~~~~~~~~~
../../src/af/util/xp/ut_assert.h:108:48: note: in definition of macro 'UT_return_val_if_fail'
  108 | #define UT_return_val_if_fail(cond, val) if (!(cond)) { UT_ASSERT(cond); return (val); }
      |                                                ^~~~
  CXX      fmt/xp/fg_GraphicRaster.lo
  CXX      fmt/xp/fg_GraphicVector.lo
  CXX      fmt/xp/fl_AutoLists.lo
  CXX      fmt/xp/fl_AutoNum.lo
  CXX      fmt/xp/fl_BlockLayout.lo
  CXX      fmt/xp/fl_ContainerLayout.lo
  CXX      fmt/xp/fl_DocLayout.lo
In file included from ../../src/af/util/xp/ut_vector.h:26,
                 from fmt/xp/fl_BlockLayout.h:36,
                 from fmt/xp/fl_BlockLayout.cpp:35:
../../src/af/gr/xp/gr_RenderInfo.h: In member function 'UT_uint32 GR_Itemization::getNthLength(UT_sint32)':
../../src/af/gr/xp/gr_RenderInfo.h:143:75: warning: comparison of integer expressions of different signedness: 'UT_sint32' {aka 'int'} and 'std::vector<int>::size_type' {aka 'long unsigned int'} [-Wsign-compare]
  143 |                                                   UT_return_val_if_fail(i < m_vOffsets.size()-1, 0);
      |                                                                         ~~^~~~~~~~~~~~~~~~~~~~~
../../src/af/util/xp/ut_assert.h:108:48: note: in definition of macro 'UT_return_val_if_fail'
  108 | #define UT_return_val_if_fail(cond, val) if (!(cond)) { UT_ASSERT(cond); return (val); }
      |                                                ^~~~
  CXX      fmt/xp/fl_DocListener.lo
In file included from ../../src/af/util/xp/ut_vector.h:26,
                 from fmt/xp/fl_DocLayout.h:32,
                 from fmt/xp/fl_DocLayout.cpp:36:
../../src/af/gr/xp/gr_RenderInfo.h: In member function 'UT_uint32 GR_Itemization::getNthLength(UT_sint32)':
../../src/af/gr/xp/gr_RenderInfo.h:143:75: warning: comparison of integer expressions of different signedness: 'UT_sint32' {aka 'int'} and 'std::vector<int>::size_type' {aka 'long unsigned int'} [-Wsign-compare]
  143 |                                                   UT_return_val_if_fail(i < m_vOffsets.size()-1, 0);
      |                                                                         ~~^~~~~~~~~~~~~~~~~~~~~
../../src/af/util/xp/ut_assert.h:108:48: note: in definition of macro 'UT_return_val_if_fail'
  108 | #define UT_return_val_if_fail(cond, val) if (!(cond)) { UT_ASSERT(cond); return (val); }
      |                                                ^~~~
  CXX      fmt/xp/fl_FootnoteLayout.lo
  CXX      fmt/xp/fl_FrameLayout.lo
  CXX      fmt/xp/fl_Layout.lo
  CXX      fmt/xp/fl_PartOfBlock.lo
  CXX      fmt/xp/fl_SectionLayout.lo
  CXX      fmt/xp/fl_SelectionPreserver.lo
  CXX      fmt/xp/fl_TableLayout.lo
  CXX      fmt/xp/fl_TestRoutines.lo
  CXX      fmt/xp/fl_TOCLayout.lo
  CXX      fmt/xp/fp_AnnotationRun.lo
  CXX      fmt/xp/fp_RDFAnchorRun.lo
  CXX      fmt/xp/fp_Column.lo
  CXX      fmt/xp/fp_ContainerObject.lo
  CXX      fmt/xp/fp_DirectionMarkerRun.lo
In file included from fmt/xp/fp_Run.h:33,
                 from fmt/xp/fp_DirectionMarkerRun.h:23,
                 from fmt/xp/fp_DirectionMarkerRun.cpp:20:
../../src/af/gr/xp/gr_RenderInfo.h: In member function 'UT_uint32 GR_Itemization::getNthLength(UT_sint32)':
../../src/af/gr/xp/gr_RenderInfo.h:143:75: warning: comparison of integer expressions of different signedness: 'UT_sint32' {aka 'int'} and 'std::vector<int>::size_type' {aka 'long unsigned int'} [-Wsign-compare]
  143 |                                                   UT_return_val_if_fail(i < m_vOffsets.size()-1, 0);
      |                                                                         ~~^~~~~~~~~~~~~~~~~~~~~
../../src/af/util/xp/ut_assert.h:108:48: note: in definition of macro 'UT_return_val_if_fail'
  108 | #define UT_return_val_if_fail(cond, val) if (!(cond)) { UT_ASSERT(cond); return (val); }
      |                                                ^~~~
  CXX      fmt/xp/fp_EmbedRun.lo
  CXX      fmt/xp/fp_FieldListLabelRun.lo
  CXX      fmt/xp/fp_FieldTableSumRun.lo
  CXX      fmt/xp/fp_FieldTOCNum.lo
  CXX      fmt/xp/fp_FmtMarkRun.lo
  CXX      fmt/xp/fp_FootnoteContainer.lo
  CXX      fmt/xp/fp_FrameContainer.lo
  CXX      fmt/xp/fp_Line.lo
In file included from ../../src/af/util/xp/ut_vector.h:26,
                 from fmt/xp/fp_FrameContainer.h:34,
                 from fmt/xp/fp_FrameContainer.cpp:30:
../../src/af/gr/xp/gr_RenderInfo.h: In member function 'UT_uint32 GR_Itemization::getNthLength(UT_sint32)':
../../src/af/gr/xp/gr_RenderInfo.h:143:75: warning: comparison of integer expressions of different signedness: 'UT_sint32' {aka 'int'} and 'std::vector<int>::size_type' {aka 'long unsigned int'} [-Wsign-compare]
  143 |                                                   UT_return_val_if_fail(i < m_vOffsets.size()-1, 0);
      |                                                                         ~~^~~~~~~~~~~~~~~~~~~~~
../../src/af/util/xp/ut_assert.h:108:48: note: in definition of macro 'UT_return_val_if_fail'
  108 | #define UT_return_val_if_fail(cond, val) if (!(cond)) { UT_ASSERT(cond); return (val); }
      |                                                ^~~~
In file included from ../../src/af/util/xp/ut_vector.h:26,
                 from fmt/xp/fl_DocLayout.h:32,
                 from fmt/xp/fp_Line.cpp:30:
../../src/af/gr/xp/gr_RenderInfo.h: In member function 'UT_uint32 GR_Itemization::getNthLength(UT_sint32)':
../../src/af/gr/xp/gr_RenderInfo.h:143:75: warning: comparison of integer expressions of different signedness: 'UT_sint32' {aka 'int'} and 'std::vector<int>::size_type' {aka 'long unsigned int'} [-Wsign-compare]
  143 |                                                   UT_return_val_if_fail(i < m_vOffsets.size()-1, 0);
      |                                                                         ~~^~~~~~~~~~~~~~~~~~~~~
../../src/af/util/xp/ut_assert.h:108:48: note: in definition of macro 'UT_return_val_if_fail'
  108 | #define UT_return_val_if_fail(cond, val) if (!(cond)) { UT_ASSERT(cond); return (val); }
      |                                                ^~~~
  CXX      fmt/xp/fp_MathRun.lo
  CXX      fmt/xp/fp_Page.lo
  CXX      fmt/xp/fp_PageSize.lo
  CXX      fmt/xp/fp_Run.lo
  CXX      fmt/xp/fp_TableContainer.lo
  CXX      fmt/xp/fp_TestRoutines.lo
  CXX      fmt/xp/fp_TextRun.lo
In file included from fmt/xp/fp_Run.h:33,
                 from fmt/xp/fp_Run.cpp:31:
../../src/af/gr/xp/gr_RenderInfo.h: In member function 'UT_uint32 GR_Itemization::getNthLength(UT_sint32)':
../../src/af/gr/xp/gr_RenderInfo.h:143:75: warning: comparison of integer expressions of different signedness: 'UT_sint32' {aka 'int'} and 'std::vector<int>::size_type' {aka 'long unsigned int'} [-Wsign-compare]
  143 |                                                   UT_return_val_if_fail(i < m_vOffsets.size()-1, 0);
      |                                                                         ~~^~~~~~~~~~~~~~~~~~~~~
../../src/af/util/xp/ut_assert.h:108:48: note: in definition of macro 'UT_return_val_if_fail'
  108 | #define UT_return_val_if_fail(cond, val) if (!(cond)) { UT_ASSERT(cond); return (val); }
      |                                                ^~~~
  CXX      fmt/xp/fp_TOCContainer.lo
In file included from fmt/xp/fp_Run.h:33,
                 from fmt/xp/fp_TextRun.h:23,
                 from fmt/xp/fp_TextRun.cpp:34:
../../src/af/gr/xp/gr_RenderInfo.h: In member function 'UT_uint32 GR_Itemization::getNthLength(UT_sint32)':
../../src/af/gr/xp/gr_RenderInfo.h:143:75: warning: comparison of integer expressions of different signedness: 'UT_sint32' {aka 'int'} and 'std::vector<int>::size_type' {aka 'long unsigned int'} [-Wsign-compare]
  143 |                                                   UT_return_val_if_fail(i < m_vOffsets.size()-1, 0);
      |                                                                         ~~^~~~~~~~~~~~~~~~~~~~~
../../src/af/util/xp/ut_assert.h:108:48: note: in definition of macro 'UT_return_val_if_fail'
  108 | #define UT_return_val_if_fail(cond, val) if (!(cond)) { UT_ASSERT(cond); return (val); }
      |                                                ^~~~
  CXX      fmt/xp/fv_Base.lo
  CXX      fmt/xp/fv_CoverAssets.lo
  CXX      fmt/xp/fv_FrameEdit.lo
  CXX      fmt/xp/fv_InlineImage.lo
  CXX      fmt/xp/fv_Selection.lo
  CXX      fmt/xp/fv_SelectionHandles.lo
  CXX      fmt/xp/fv_View_cmd.lo
  CXX      fmt/xp/fv_View.lo
  CXX      fmt/xp/fv_View_tableStyle.lo
  CXX      fmt/xp/fl_TableStyles.lo
In file included from fmt/xp/fv_View_cmd.cpp:37:
../../src/af/gr/xp/gr_RenderInfo.h: In member function 'UT_uint32 GR_Itemization::getNthLength(UT_sint32)':
../../src/af/gr/xp/gr_RenderInfo.h:143:75: warning: comparison of integer expressions of different signedness: 'UT_sint32' {aka 'int'} and 'std::vector<int>::size_type' {aka 'long unsigned int'} [-Wsign-compare]
  143 |                                                   UT_return_val_if_fail(i < m_vOffsets.size()-1, 0);
      |                                                                         ~~^~~~~~~~~~~~~~~~~~~~~
../../src/af/util/xp/ut_assert.h:108:48: note: in definition of macro 'UT_return_val_if_fail'
  108 | #define UT_return_val_if_fail(cond, val) if (!(cond)) { UT_ASSERT(cond); return (val); }
      |                                                ^~~~
  CXX      fmt/xp/fl_TableStylesBuiltin.lo
fmt/xp/fv_View_cmd.cpp: At global scope:
fmt/xp/fv_View_cmd.cpp:8556:1: warning: missing initializer for member 'FV_HdrLine::szFieldProps' [-Wmissing-field-initializers]
 8556 | };
      | ^
fmt/xp/fv_View_cmd.cpp:8556:1: warning: missing initializer for member 'FV_HdrLine::szFieldProps' [-Wmissing-field-initializers]
fmt/xp/fv_View_cmd.cpp:8563:1: warning: missing initializer for member 'FV_HdrLine::szFieldProps' [-Wmissing-field-initializers]
 8563 | };
      | ^
fmt/xp/fv_View_cmd.cpp:8563:1: warning: missing initializer for member 'FV_HdrLine::szFieldProps' [-Wmissing-field-initializers]
fmt/xp/fv_View_cmd.cpp:8574:1: warning: missing initializer for member 'FV_HdrLine::szFieldProps' [-Wmissing-field-initializers]
 8574 | };
      | ^
fmt/xp/fv_View_cmd.cpp:8574:1: warning: missing initializer for member 'FV_HdrLine::szFieldProps' [-Wmissing-field-initializers]
fmt/xp/fv_View_cmd.cpp:8583:1: warning: missing initializer for member 'FV_HdrLine::szFieldProps' [-Wmissing-field-initializers]
 8583 | };
      | ^
fmt/xp/fv_View_cmd.cpp:8583:1: warning: missing initializer for member 'FV_HdrLine::szFieldProps' [-Wmissing-field-initializers]
fmt/xp/fv_View_cmd.cpp:8591:1: warning: missing initializer for member 'FV_HdrLine::szFieldProps' [-Wmissing-field-initializers]
 8591 | };
      | ^
fmt/xp/fv_View_cmd.cpp:8591:1: warning: missing initializer for member 'FV_HdrLine::szFieldProps' [-Wmissing-field-initializers]
fmt/xp/fv_View_cmd.cpp:8620:1: warning: missing initializer for member 'FV_HdrLine::szFieldProps' [-Wmissing-field-initializers]
 8620 | };
      | ^
fmt/xp/fv_View_cmd.cpp:8620:1: warning: missing initializer for member 'FV_HdrLine::szFieldProps' [-Wmissing-field-initializers]
fmt/xp/fv_View_cmd.cpp:8620:1: warning: missing initializer for member 'FV_HdrLine::szFieldProps' [-Wmissing-field-initializers]
fmt/xp/fv_View_cmd.cpp:8620:1: warning: missing initializer for member 'FV_HdrLine::szFieldProps' [-Wmissing-field-initializers]
fmt/xp/fv_View_cmd.cpp:8628:1: warning: missing initializer for member 'FV_HdrLine::szFieldProps' [-Wmissing-field-initializers]
 8628 | };
      | ^
fmt/xp/fv_View_cmd.cpp:8628:1: warning: missing initializer for member 'FV_HdrLine::szFieldProps' [-Wmissing-field-initializers]
fmt/xp/fv_View_cmd.cpp:8636:1: warning: missing initializer for member 'FV_HdrLine::szFieldProps' [-Wmissing-field-initializers]
 8636 | };
      | ^
fmt/xp/fv_View_cmd.cpp:8636:1: warning: missing initializer for member 'FV_HdrLine::szFieldProps' [-Wmissing-field-initializers]
fmt/xp/fv_View_cmd.cpp:8643:1: warning: missing initializer for member 'FV_HdrLine::szFieldProps' [-Wmissing-field-initializers]
 8643 | };
      | ^
fmt/xp/fv_View_cmd.cpp:8643:1: warning: missing initializer for member 'FV_HdrLine::szFieldProps' [-Wmissing-field-initializers]
fmt/xp/fv_View_cmd.cpp:8650:1: warning: missing initializer for member 'FV_HdrLine::szFieldProps' [-Wmissing-field-initializers]
 8650 | };
      | ^
fmt/xp/fv_View_cmd.cpp:8650:1: warning: missing initializer for member 'FV_HdrLine::szFieldProps' [-Wmissing-field-initializers]
fmt/xp/fv_View_cmd.cpp:8657:1: warning: missing initializer for member 'FV_HdrLine::szFieldProps' [-Wmissing-field-initializers]
 8657 | };
      | ^
fmt/xp/fv_View_cmd.cpp:8657:1: warning: missing initializer for member 'FV_HdrLine::szFieldProps' [-Wmissing-field-initializers]
fmt/xp/fv_View_cmd.cpp:8665:1: warning: missing initializer for member 'FV_HdrLine::szFieldProps' [-Wmissing-field-initializers]
 8665 | };
      | ^
fmt/xp/fv_View_cmd.cpp:8665:1: warning: missing initializer for member 'FV_HdrLine::szFieldProps' [-Wmissing-field-initializers]
fmt/xp/fv_View_cmd.cpp:8674:1: warning: missing initializer for member 'FV_HdrLine::szFieldProps' [-Wmissing-field-initializers]
 8674 | };
      | ^
fmt/xp/fv_View_cmd.cpp:8674:1: warning: missing initializer for member 'FV_HdrLine::szFieldProps' [-Wmissing-field-initializers]
fmt/xp/fv_View_cmd.cpp:8682:1: warning: missing initializer for member 'FV_HdrLine::szFieldProps' [-Wmissing-field-initializers]
 8682 | };
      | ^
fmt/xp/fv_View_cmd.cpp:8682:1: warning: missing initializer for member 'FV_HdrLine::szFieldProps' [-Wmissing-field-initializers]
fmt/xp/fv_View_cmd.cpp:8688:1: warning: missing initializer for member 'FV_HdrLine::szFieldProps' [-Wmissing-field-initializers]
 8688 | };
      | ^
fmt/xp/fv_View_cmd.cpp:8688:1: warning: missing initializer for member 'FV_HdrLine::szFieldProps' [-Wmissing-field-initializers]
fmt/xp/fv_View_cmd.cpp:8696:1: warning: missing initializer for member 'FV_HdrLine::szFieldProps' [-Wmissing-field-initializers]
 8696 | };
      | ^
fmt/xp/fv_View_cmd.cpp:8696:1: warning: missing initializer for member 'FV_HdrLine::szFieldProps' [-Wmissing-field-initializers]
fmt/xp/fv_View_cmd.cpp:8706:1: warning: missing initializer for member 'FV_HdrLine::szFieldProps' [-Wmissing-field-initializers]
 8706 | };
      | ^
fmt/xp/fv_View_cmd.cpp:8706:1: warning: missing initializer for member 'FV_HdrLine::szFieldProps' [-Wmissing-field-initializers]
fmt/xp/fv_View_cmd.cpp:8706:1: warning: missing initializer for member 'FV_HdrLine::szFieldProps' [-Wmissing-field-initializers]
fmt/xp/fv_View_cmd.cpp:8712:1: warning: missing initializer for member 'FV_HdrLine::szFieldProps' [-Wmissing-field-initializers]
 8712 | };
      | ^
fmt/xp/fv_View_cmd.cpp:8712:1: warning: missing initializer for member 'FV_HdrLine::szFieldProps' [-Wmissing-field-initializers]
fmt/xp/fv_View_cmd.cpp:8720:1: warning: missing initializer for member 'FV_HdrLine::szFieldProps' [-Wmissing-field-initializers]
 8720 | };
      | ^
fmt/xp/fv_View_cmd.cpp:8720:1: warning: missing initializer for member 'FV_HdrLine::szFieldProps' [-Wmissing-field-initializers]
fmt/xp/fv_View_cmd.cpp:8726:1: warning: missing initializer for member 'FV_HdrLine::szFieldProps' [-Wmissing-field-initializers]
 8726 | };
      | ^
fmt/xp/fv_View_cmd.cpp:8726:1: warning: missing initializer for member 'FV_HdrLine::szFieldProps' [-Wmissing-field-initializers]
fmt/xp/fv_View_cmd.cpp:8736:1: warning: missing initializer for member 'FV_HdrLine::szFieldProps' [-Wmissing-field-initializers]
 8736 | };
      | ^
fmt/xp/fv_View_cmd.cpp:8736:1: warning: missing initializer for member 'FV_HdrLine::szFieldProps' [-Wmissing-field-initializers]
fmt/xp/fv_View_cmd.cpp:8736:1: warning: missing initializer for member 'FV_HdrLine::szFieldProps' [-Wmissing-field-initializers]
fmt/xp/fv_View_cmd.cpp:8736:1: warning: missing initializer for member 'FV_HdrLine::szFieldProps' [-Wmissing-field-initializers]
fmt/xp/fv_View_cmd.cpp:8751:1: warning: missing initializer for member 'FV_HdrLine::szFieldProps' [-Wmissing-field-initializers]
 8751 | };
      | ^
fmt/xp/fv_View_cmd.cpp:8751:1: warning: missing initializer for member 'FV_HdrLine::szFieldProps' [-Wmissing-field-initializers]
fmt/xp/fv_View_cmd.cpp:8758:1: warning: missing initializer for member 'FV_HdrLine::szFieldProps' [-Wmissing-field-initializers]
 8758 | };
      | ^
fmt/xp/fv_View_cmd.cpp:8758:1: warning: missing initializer for member 'FV_HdrLine::szFieldProps' [-Wmissing-field-initializers]
fmt/xp/fv_View_cmd.cpp:8770:1: warning: missing initializer for member 'FV_HdrLine::szFieldProps' [-Wmissing-field-initializers]
 8770 | };
      | ^
fmt/xp/fv_View_cmd.cpp:8770:1: warning: missing initializer for member 'FV_HdrLine::szFieldProps' [-Wmissing-field-initializers]
fmt/xp/fv_View_cmd.cpp:8783:1: warning: missing initializer for member 'FV_HdrLine::szFieldProps' [-Wmissing-field-initializers]
 8783 | };
      | ^
fmt/xp/fv_View_cmd.cpp:8790:1: warning: missing initializer for member 'FV_HdrLine::szFieldProps' [-Wmissing-field-initializers]
 8790 | };
      | ^
fmt/xp/fv_View_cmd.cpp:8790:1: warning: missing initializer for member 'FV_HdrLine::szFieldProps' [-Wmissing-field-initializers]
fmt/xp/fv_View_cmd.cpp:8797:1: warning: missing initializer for member 'FV_HdrLine::szFieldProps' [-Wmissing-field-initializers]
 8797 | };
      | ^
fmt/xp/fv_View_cmd.cpp:8797:1: warning: missing initializer for member 'FV_HdrLine::szFieldProps' [-Wmissing-field-initializers]
fmt/xp/fv_View_cmd.cpp:8804:1: warning: missing initializer for member 'FV_HdrLine::szFieldProps' [-Wmissing-field-initializers]
 8804 | };
      | ^
fmt/xp/fv_View_cmd.cpp:8804:1: warning: missing initializer for member 'FV_HdrLine::szFieldProps' [-Wmissing-field-initializers]
fmt/xp/fv_View_cmd.cpp:8811:1: warning: missing initializer for member 'FV_HdrLine::szFieldProps' [-Wmissing-field-initializers]
 8811 | };
      | ^
fmt/xp/fv_View_cmd.cpp:8811:1: warning: missing initializer for member 'FV_HdrLine::szFieldProps' [-Wmissing-field-initializers]
fmt/xp/fv_View_cmd.cpp:8818:1: warning: missing initializer for member 'FV_HdrLine::szFieldProps' [-Wmissing-field-initializers]
 8818 | };
      | ^
fmt/xp/fv_View_cmd.cpp:8818:1: warning: missing initializer for member 'FV_HdrLine::szFieldProps' [-Wmissing-field-initializers]
fmt/xp/fv_View_cmd.cpp:8827:1: warning: missing initializer for member 'FV_HdrLine::szFieldProps' [-Wmissing-field-initializers]
 8827 | };
      | ^
fmt/xp/fv_View_cmd.cpp:8827:1: warning: missing initializer for member 'FV_HdrLine::szFieldProps' [-Wmissing-field-initializers]
fmt/xp/fv_View_cmd.cpp:8834:1: warning: missing initializer for member 'FV_HdrLine::szFieldProps' [-Wmissing-field-initializers]
 8834 | };
      | ^
fmt/xp/fv_View_cmd.cpp:8834:1: warning: missing initializer for member 'FV_HdrLine::szFieldProps' [-Wmissing-field-initializers]
fmt/xp/fv_View_cmd.cpp:8847:1: warning: missing initializer for member 'FV_HdrLine::szFieldProps' [-Wmissing-field-initializers]
 8847 | };
      | ^
fmt/xp/fv_View_cmd.cpp:8856:1: warning: missing initializer for member 'FV_HdrLine::szFieldProps' [-Wmissing-field-initializers]
 8856 | };
      | ^
fmt/xp/fv_View_cmd.cpp:8856:1: warning: missing initializer for member 'FV_HdrLine::szFieldProps' [-Wmissing-field-initializers]
fmt/xp/fv_View_cmd.cpp:8864:1: warning: missing initializer for member 'FV_HdrLine::szFieldProps' [-Wmissing-field-initializers]
 8864 | };
      | ^
fmt/xp/fv_View_cmd.cpp:8864:1: warning: missing initializer for member 'FV_HdrLine::szFieldProps' [-Wmissing-field-initializers]
fmt/xp/fv_View_cmd.cpp:8873:1: warning: missing initializer for member 'FV_HdrLine::szFieldProps' [-Wmissing-field-initializers]
 8873 | };
      | ^
fmt/xp/fv_View_cmd.cpp:8873:1: warning: missing initializer for member 'FV_HdrLine::szFieldProps' [-Wmissing-field-initializers]
fmt/xp/fv_View_cmd.cpp:8881:1: warning: missing initializer for member 'FV_HdrLine::szFieldProps' [-Wmissing-field-initializers]
 8881 | };
      | ^
fmt/xp/fv_View_cmd.cpp:8881:1: warning: missing initializer for member 'FV_HdrLine::szFieldProps' [-Wmissing-field-initializers]
fmt/xp/fv_View_cmd.cpp:8888:1: warning: missing initializer for member 'FV_HdrLine::szFieldProps' [-Wmissing-field-initializers]
 8888 | };
      | ^
fmt/xp/fv_View_cmd.cpp:8888:1: warning: missing initializer for member 'FV_HdrLine::szFieldProps' [-Wmissing-field-initializers]
fmt/xp/fv_View_cmd.cpp:8906:1: warning: missing initializer for member 'FV_HdrLine::szFieldProps' [-Wmissing-field-initializers]
 8906 | };
      | ^
fmt/xp/fv_View_cmd.cpp:8933:1: warning: missing initializer for member 'FV_HdrLine::szFieldProps' [-Wmissing-field-initializers]
 8933 | };
      | ^
fmt/xp/fv_View_cmd.cpp:8933:1: warning: missing initializer for member 'FV_HdrLine::szFieldProps' [-Wmissing-field-initializers]
fmt/xp/fv_View_cmd.cpp:8933:1: warning: missing initializer for member 'FV_HdrLine::szFieldProps' [-Wmissing-field-initializers]
fmt/xp/fv_View_cmd.cpp:8940:1: warning: missing initializer for member 'FV_HdrLine::szFieldProps' [-Wmissing-field-initializers]
 8940 | };
      | ^
fmt/xp/fv_View_cmd.cpp:8940:1: warning: missing initializer for member 'FV_HdrLine::szFieldProps' [-Wmissing-field-initializers]
  CXX      fmt/xp/fv_View_protected.lo
In file included from ../../src/af/util/xp/ut_vector.h:26,
                 from ../../src/text/ptbl/xp/pf_Fragments.h:35,
                 from ../../src/text/ptbl/xp/pf_Frag.h:26,
                 from fmt/xp/fv_View.cpp:38:
../../src/af/gr/xp/gr_RenderInfo.h: In member function 'UT_uint32 GR_Itemization::getNthLength(UT_sint32)':
../../src/af/gr/xp/gr_RenderInfo.h:143:75: warning: comparison of integer expressions of different signedness: 'UT_sint32' {aka 'int'} and 'std::vector<int>::size_type' {aka 'long unsigned int'} [-Wsign-compare]
  143 |                                                   UT_return_val_if_fail(i < m_vOffsets.size()-1, 0);
      |                                                                         ~~^~~~~~~~~~~~~~~~~~~~~
../../src/af/util/xp/ut_assert.h:108:48: note: in definition of macro 'UT_return_val_if_fail'
  108 | #define UT_return_val_if_fail(cond, val) if (!(cond)) { UT_ASSERT(cond); return (val); }
      |                                                ^~~~
  CXX      fmt/xp/fv_View_TestRoutines.lo
  CXX      fmt/xp/fv_VisualDragText.lo
In file included from fmt/xp/fv_View_protected.cpp:39:
../../src/af/gr/xp/gr_RenderInfo.h: In member function 'UT_uint32 GR_Itemization::getNthLength(UT_sint32)':
../../src/af/gr/xp/gr_RenderInfo.h:143:75: warning: comparison of integer expressions of different signedness: 'UT_sint32' {aka 'int'} and 'std::vector<int>::size_type' {aka 'long unsigned int'} [-Wsign-compare]
  143 |                                                   UT_return_val_if_fail(i < m_vOffsets.size()-1, 0);
      |                                                                         ~~^~~~~~~~~~~~~~~~~~~~~
../../src/af/util/xp/ut_assert.h:108:48: note: in definition of macro 'UT_return_val_if_fail'
  108 | #define UT_return_val_if_fail(cond, val) if (!(cond)) { UT_ASSERT(cond); return (val); }
      |                                                ^~~~
fmt/xp/fv_View_protected.cpp: In member function 'UT_UCS4Char* FV_View::_lookupSuggestion(fl_BlockLayout*, const fl_PartOfBlockPtr&, UT_sint32)':
fmt/xp/fv_View_protected.cpp:5812:23: warning: comparison of integer expressions of different signedness: 'UT_sint32' {aka 'int'} and 'UT_uint32' {aka 'unsigned int'} [-Wsign-compare]
 5812 |                 ( ndx <= static_cast<UT_uint32>(s_pvCachedSuggestions->size())))
      |                   ~~~~^~~~~~~~~~~~~~~~~~~~~~~~~~~~~~~~~~~~~~~~~~~~~~~~~~~~~~~~
  CXX      fmt/xp/fv_ViewDoubleBuffering.lo
  CXX      ptbl/xp/fd_Field.lo
  CXX      ptbl/xp/pd_Document.lo
  CXX      ptbl/xp/pd_Document_TestRoutines.lo
  CXX      ptbl/xp/pd_DocumentRDF.lo
  CXX      ptbl/xp/pd_RDFQuery.lo
  CXX      ptbl/xp/pd_RDFSupport.lo
  CXX      ptbl/xp/pd_RDFXMLParser.lo
  CXX      ptbl/xp/pd_Iterator.lo
  CXX      ptbl/xp/pd_Style.lo
  CXX      ptbl/xp/pf_Frag.lo
  CXX      ptbl/xp/pf_Frag_FmtMark.lo
  CXX      ptbl/xp/pf_Fragments.lo
  CXX      ptbl/xp/pf_Frag_Object.lo
  CXX      ptbl/xp/pf_Frags_TestRoutines.lo
  CXX      ptbl/xp/pf_Frag_Strux_Block.lo
  CXX      ptbl/xp/pf_Frag_Strux.lo
  CXX      ptbl/xp/pf_Frag_Strux_Section.lo
  CXX      ptbl/xp/pf_Frag_TestRoutines.lo
  CXX      ptbl/xp/pf_Frag_Text.lo
  CXX      ptbl/xp/pl_ListenerCoupleCloser.lo
  CXX      ptbl/xp/po_Bookmark.lo
  CXX      ptbl/xp/pp_AttrProp.lo
  CXX      ptbl/xp/pp_Property.lo
  CXX      ptbl/xp/pp_PropertyMap.lo
  CXX      ptbl/xp/pp_Revision.lo
  CXX      ptbl/xp/pp_TableAttrProp.lo
  CXX      ptbl/xp/pt_PieceTable.lo
  CXX      ptbl/xp/pt_PT_Append.lo
  CXX      ptbl/xp/pt_PT_ChangeObject.lo
  CXX      ptbl/xp/pt_PT_ChangeSpan.lo
  CXX      ptbl/xp/pt_PT_ChangeStrux.lo
  CXX      ptbl/xp/pt_PT_DeleteObject.lo
  CXX      ptbl/xp/pt_PT_DeleteSpan.lo
  CXX      ptbl/xp/pt_PT_DeleteStrux.lo
  CXX      ptbl/xp/pt_PT_FmtMark.lo
  CXX      ptbl/xp/pt_PT_Glob.lo
  CXX      ptbl/xp/pt_PT_InsertObject.lo
  CXX      ptbl/xp/pt_PT_InsertSpan.lo
  CXX      ptbl/xp/pt_PT_InsertStrux.lo
  CXX      ptbl/xp/pt_PT_Listener.lo
  CXX      ptbl/xp/pt_PT_Styles.lo
  CXX      ptbl/xp/pt_PT_TestRoutines.lo
  CXX      ptbl/xp/pt_PT_Undo.lo
  CXX      ptbl/xp/pt_VarSet.lo
  CXX      ptbl/xp/px_ChangeHistory.lo
  CXX      ptbl/xp/px_ChangeRecord.lo
  CXX      ptbl/xp/px_CH_TestRoutines.lo
  CXX      ptbl/xp/px_CR_DataItem.lo
  CXX      ptbl/xp/px_CR_DocProp.lo
  CXX      ptbl/xp/px_CR_FmtMarkChange.lo
  CXX      ptbl/xp/px_CR_FmtMark.lo
  CXX      ptbl/xp/px_CR_Glob.lo
  CXX      ptbl/xp/px_CR_ObjectChange.lo
  CXX      ptbl/xp/px_CR_Object.lo
  CXX      ptbl/xp/px_CR_SpanChange.lo
  CXX      ptbl/xp/px_CR_Span.lo
  CXX      ptbl/xp/px_CR_StruxChange.lo
  CXX      ptbl/xp/px_CR_Strux.lo
  CXX      ptbl/xp/px_CR_Style.lo
  CXX      ptbl/xp/px_CR_TestRoutines.lo
  CXX      ptbl/xp/pp_Author.lo
  CXX      fmt/xp/fl_Squiggles.lo
  CXX      fmt/gtk/fv_UnixFrameEdit.lo
  CXX      fmt/gtk/fv_UnixInlineImage.lo
  CXX      fmt/gtk/fv_UnixVisualDrag.lo
  CXX      fmt/gtk/fv_UnixPasteTag.lo
  CXX      fmt/gtk/fv_UnixSelectionHandles.lo
  CXX      fmt/gtk/gtktexthandle.lo
fmt/gtk/gtktexthandle.cpp: In function 'void _fv_text_handle_emit_at_pointer(FvTextHandle*, FvTextHandlePosition, GtkGestureDrag*)':
fmt/gtk/gtktexthandle.cpp:163:41: warning: 'gboolean gtk_widget_translate_coordinates(GtkWidget*, GtkWidget*, double, double, double*, double*)' is deprecated: Use 'gtk_widget_compute_point' instead [-Wdeprecated-declarations]
  163 |   if (!gtk_widget_translate_coordinates (handle_widget->widget,
      |        ~~~~~~~~~~~~~~~~~~~~~~~~~~~~~~~~~^~~~~~~~~~~~~~~~~~~~~~~
  164 |                                          priv->overlay,
      |                                          ~~~~~~~~~~~~~~
  165 |                                          px, py, &ox, &oy))
      |                                          ~~~~~~~~~~~~~~~~~
In file included from /usr/include/gtk-4.0/gtk/gtkapplication.h:26,
                 from /usr/include/gtk-4.0/gtk/gtkwindow.h:32,
                 from /usr/include/gtk-4.0/gtk/gtkaboutdialog.h:29,
                 from /usr/include/gtk-4.0/gtk/gtk.h:33,
                 from fmt/gtk/gtktexthandleprivate.h:28,
                 from fmt/gtk/gtktexthandle.cpp:27:
/usr/include/gtk-4.0/gtk/gtkwidget.h:611:14: note: declared here
  611 | gboolean     gtk_widget_translate_coordinates (GtkWidget  *src_widget,
      |              ^~~~~~~~~~~~~~~~~~~~~~~~~~~~~~~~
fmt/gtk/gtktexthandle.cpp: In function 'void _fv_text_handle_drag_begin(GtkGestureDrag*, gdouble, gdouble, gpointer)':
fmt/gtk/gtktexthandle.cpp:194:41: warning: 'gboolean gtk_widget_translate_coordinates(GtkWidget*, GtkWidget*, double, double, double*, double*)' is deprecated: Use 'gtk_widget_compute_point' instead [-Wdeprecated-declarations]
  194 |   if (!gtk_widget_translate_coordinates (widget, priv->overlay,
      |        ~~~~~~~~~~~~~~~~~~~~~~~~~~~~~~~~~^~~~~~~~~~~~~~~~~~~~~~~
  195 |                                          start_x, start_y, &px, &py))
      |                                          ~~~~~~~~~~~~~~~~~~~~~~~~~~~
/usr/include/gtk-4.0/gtk/gtkwidget.h:611:14: note: declared here
  611 | gboolean     gtk_widget_translate_coordinates (GtkWidget  *src_widget,
      |              ^~~~~~~~~~~~~~~~~~~~~~~~~~~~~~~~
  CXXLD    libtext.la
make[2]: Leaving directory '/home/szefi/Documents/exp-abi/src/text'
Making all in wp
make[2]: Entering directory '/home/szefi/Documents/exp-abi/src/wp'
Making all in ap
make[3]: Entering directory '/home/szefi/Documents/exp-abi/src/wp/ap'
../../../tools/cdump/xp/cdump.py ./xp/sidebar.png g_pngSidebar > ap_wp_sidebar.cpp
make  all-am
make[4]: Entering directory '/home/szefi/Documents/exp-abi/src/wp/ap'
  CXX      xp/ap_App.lo
  CXX      xp/ap_Args.lo
  CXX      xp/ap_Convert.lo
  CXX      xp/ap_Dialog_Modeless.lo
  CXX      xp/ap_Dialog_Modal.lo
  CXX      xp/ap_Dialog_Background.lo
  CXX      xp/ap_Dialog_Border_Shading.lo
  CXX      xp/ap_Dialog_Break.lo
  CXX      xp/ap_Dialog_Columns.lo
  CXX      xp/ap_Dialog_Document.lo
  CXX      xp/ap_Dialog_Field.lo
  CXX      xp/ap_Dialog_FormatFootnotes.lo
  CXX      xp/ap_Dialog_FormatTable.lo
  CXX      xp/ap_Dialog_FormatTOC.lo
  CXX      xp/ap_Dialog_Goto.lo
  CXX      xp/ap_Dialog_HdrFtr.lo
  CXX      xp/ap_Dialog_GetStringCommon.lo
  CXX      xp/ap_Dialog_InsertBookmark.lo
  CXX      xp/ap_Dialog_InsertXMLID.lo
  CXX      xp/ap_Dialog_Insert_DateTime.lo
  CXX      xp/ap_Dialog_InsertHyperlink.lo
  CXX      xp/ap_Dialog_InsertTable.lo
  CXX      xp/ap_Dialog_Latex.lo
  CXX      xp/ap_Dialog_ListRevisions.lo
  CXX      xp/ap_Dialog_Lists.lo
  CXX      xp/ap_Dialog_MarkRevisions.lo
  CXX      xp/ap_Dialog_MergeCells.lo
  CXX      xp/ap_Dialog_New.lo
  CXX      xp/ap_Dialog_Options.lo
  CXX      xp/ap_Dialog_PageNumbers.lo
  CXX      xp/ap_Dialog_PageSetup.lo
  CXX      xp/ap_Dialog_Paragraph.lo
  CXX      xp/ap_Dialog_Replace.lo
  CXX      xp/ap_Dialog_SignatureLine.lo
  CXX      xp/ap_Dialog_SplitCells.lo
  CXX      xp/ap_Dialog_Styles.lo
xp/ap_Dialog_Replace.cpp: In destructor 'virtual AP_Dialog_Replace::~AP_Dialog_Replace()':
xp/ap_Dialog_Replace.cpp:66:20: warning: comparison of integer expressions of different signedness: 'UT_sint32' {aka 'int'} and 'std::vector<unsigned int*>::size_type' {aka 'long unsigned int'} [-Wsign-compare]
   66 |         for (i=0; i<m_findList.size(); i++)
      |                   ~^~~~~~~~~~~~~~~~~~
xp/ap_Dialog_Replace.cpp:72:20: warning: comparison of integer expressions of different signedness: 'UT_sint32' {aka 'int'} and 'std::vector<unsigned int*>::size_type' {aka 'long unsigned int'} [-Wsign-compare]
   72 |         for (i=0; i<m_replaceList.size(); i++)
      |                   ~^~~~~~~~~~~~~~~~~~~~~
xp/ap_Dialog_Replace.cpp: In member function 'bool AP_Dialog_Replace::_manageList(std::vector<unsigned int*>*, UT_UCS4Char*)':
xp/ap_Dialog_Replace.cpp:406:20: warning: comparison of integer expressions of different signedness: 'UT_sint32' {aka 'int'} and 'std::vector<unsigned int*>::size_type' {aka 'long unsigned int'} [-Wsign-compare]
  406 |         for (i=0; i<list->size(); i++)
      |                   ~^~~~~~~~~~~~~
  CXX      xp/ap_Dialog_Stylist.lo
  CXX      xp/ap_Dialog_ToggleCase.lo
  CXX      xp/ap_Dialog_WordCount.lo
  CXX      xp/ap_Dialog_RDFQuery.lo
  CXX      xp/ap_Dialog_RDFEditor.lo
  CXX      xp/ap_EditMethods.lo
  CXX      xp/ap_Frame.lo
  CXX      xp/ap_FrameData.lo
  CXX      xp/ap_LB_DeadAbovedot.lo
  CXX      xp/ap_LB_DeadAcute.lo
  CXX      xp/ap_LB_DeadBreve.lo
  CXX      xp/ap_LB_DeadCaron.lo
  CXX      xp/ap_LB_DeadCedilla.lo
  CXX      xp/ap_LB_DeadCircumflex.lo
  CXX      xp/ap_LB_DeadDiaeresis.lo
  CXX      xp/ap_LB_DeadDoubleacute.lo
  CXX      xp/ap_LB_DeadGrave.lo
  CXX      xp/ap_LB_DeadMacron.lo
  CXX      xp/ap_LB_DeadOgonek.lo
  CXX      xp/ap_LB_DeadTilde.lo
  CXX      xp/ap_LB_Default.lo
  CXX      xp/ap_LeftRuler.lo
  CXX      xp/ap_LoadBindings.lo
  CXX      xp/ap_Menu_ActionSet.lo
  CXX      xp/ap_Menu_Functions.lo
xp/ap_LoadBindings.cpp: In member function 'const char* AP_BindingSet::getNextInCycle(const char*) const':
xp/ap_LoadBindings.cpp:106:20: warning: comparison of integer expressions of different signedness: 'UT_sint32' {aka 'int'} and 'std::vector<c_lb*>::size_type' {aka 'long unsigned int'} [-Wsign-compare]
  106 |         for (k=0; k<m_vecBindings.size(); k++) {
      |                   ~^~~~~~~~~~~~~~~~~~~~~
xp/ap_LoadBindings.cpp:119:27: warning: comparison of integer expressions of different signedness: 'UT_sint32' {aka 'int'} and 'std::vector<c_lb*>::size_type' {aka 'long unsigned int'} [-Wsign-compare]
  119 |         for (k=kMatch+1; k<m_vecBindings.size(); k++) {
      |                          ~^~~~~~~~~~~~~~~~~~~~~
xp/ap_LoadBindings.cpp: In member function 'virtual EV_EditBindingMap* AP_BindingSet::getMap(const char*)':
xp/ap_LoadBindings.cpp:190:24: warning: comparison of integer expressions of different signedness: 'UT_sint32' {aka 'int'} and 'std::vector<c_lb*>::size_type' {aka 'long unsigned int'} [-Wsign-compare]
  190 |   for (UT_sint32 k=0; k< m_vecBindings.size(); k++) {
      |                       ~^~~~~~~~~~~~~~~~~~~~~~
  CXX      xp/ap_Menu_Layouts.lo
  CXX      xp/ap_Prefs.lo
xp/ap_Menu_Layouts.cpp: In member function 'EV_Menu_Layout* XAP_Menu_Factory::CreateMenuLayout(const char*)':
xp/ap_Menu_Layouts.cpp:190:30: warning: comparison of integer expressions of different signedness: 'UT_sint32' {aka 'int'} and 'std::vector<_vectt*>::size_type' {aka 'long unsigned int'} [-Wsign-compare]
  190 |         for (UT_sint32 k=0; k< m_vecTT.size(); k++)
      |                             ~^~~~~~~~~~~~~~~~
xp/ap_Menu_Layouts.cpp: In member function 'const char* XAP_Menu_Factory::FindContextMenu(EV_EditMouseContext)':
xp/ap_Menu_Layouts.cpp:218:30: warning: comparison of integer expressions of different signedness: 'UT_sint32' {aka 'int'} and 'std::vector<_vectt*>::size_type' {aka 'long unsigned int'} [-Wsign-compare]
  218 |         for (UT_sint32 k=0; k< m_vecTT.size(); k++)
      |                             ~^~~~~~~~~~~~~~~~
  CXX      xp/ap_Preview_Abi.lo
  CXX      xp/ap_Preview_Annotation.lo
xp/ap_Menu_Functions.cpp: In function 'const char* ap_GetLabel_Toolbar(const EV_Menu_Label*, XAP_Menu_Id)':
xp/ap_Menu_Functions.cpp:96:17: warning: comparison of integer expressions of different signedness: 'UT_sint32' {aka 'int'} and 'std::vector<UT_UTF8String*>::size_type' {aka 'long unsigned int'} [-Wsign-compare]
   96 |         if (ndx < vec.size())
      |             ~~~~^~~~~~~~~~~~
  CXX      xp/ap_Preview_Paragraph.lo
  CXX      xp/ap_Ruler.lo
  CXX      xp/ap_Strings.lo
  CXX      xp/ap_Toolbar_ActionSet.lo
  CXX      xp/ap_Toolbar_Functions.lo
  CXX      xp/ap_Toolbar_Icons.lo
  CXX      xp/ap_Toolbar_LabelSet.lo
  CXX      xp/ap_Toolbar_Layouts.lo
  CXX      xp/ap_TopRuler.lo
  CXX      xp/ap_RDFContact.lo
xp/ap_Toolbar_Layouts.cpp: In member function 'void XAP_Toolbar_Factory_vec::insertItemBefore(XAP_Toolbar_Factory_lt*, XAP_Toolbar_Id)':
xp/ap_Toolbar_Layouts.cpp:169:31: warning: comparison of integer expressions of different signedness: 'UT_sint32' {aka 'int'} and 'std::vector<XAP_Toolbar_Factory_lt*>::size_type' {aka 'long unsigned int'} [-Wsign-compare]
  169 |         for(i=0; !bFound && (i< m_Vec_lt.size()); i++)
      |                              ~^~~~~~~~~~~~~~~~~
xp/ap_Toolbar_Layouts.cpp: In member function 'void XAP_Toolbar_Factory_vec::insertItemAfter(XAP_Toolbar_Factory_lt*, XAP_Toolbar_Id)':
xp/ap_Toolbar_Layouts.cpp:194:31: warning: comparison of integer expressions of different signedness: 'UT_sint32' {aka 'int'} and 'std::vector<XAP_Toolbar_Factory_lt*>::size_type' {aka 'long unsigned int'} [-Wsign-compare]
  194 |         for(i=0; !bFound && (i< m_Vec_lt.size()); i++)
      |                              ~^~~~~~~~~~~~~~~~~
xp/ap_Toolbar_Layouts.cpp:200:34: warning: comparison of integer expressions of different signedness: 'UT_sint32' {aka 'int'} and 'std::vector<XAP_Toolbar_Factory_lt*>::size_type' {aka 'long unsigned int'} [-Wsign-compare]
  200 |                         if((i+1) == m_Vec_lt.size())
      |                            ~~~~~~^~~~~~~~~~~~~~~~~~
xp/ap_Toolbar_Layouts.cpp: In member function 'bool XAP_Toolbar_Factory_vec::removeToolbarId(XAP_Toolbar_Id)':
xp/ap_Toolbar_Layouts.cpp:228:31: warning: comparison of integer expressions of different signedness: 'UT_sint32' {aka 'int'} and 'std::vector<XAP_Toolbar_Factory_lt*>::size_type' {aka 'long unsigned int'} [-Wsign-compare]
  228 |         for(i=0; !bFound && (i< m_Vec_lt.size()); i++)
      |                              ~^~~~~~~~~~~~~~~~~
  CXX      xp/ap_RDFEvent.lo
  CXX      xp/ap_RDFLocation.lo
  CXX      ap_wp_sidebar.lo
  CXX      xp/ap_Dialog_Spell.lo
xp/ap_TopRuler.cpp: In member function 'virtual void AP_TopRuler::mouseRelease(EV_EditModifierState, EV_EditMouseButton, UT_sint32, UT_sint32)':
xp/ap_TopRuler.cpp:3321:43: warning: declaration of 'pView' shadows a previous local [-Wshadow]
 3321 |                                 FV_View * pView = static_cast<FV_View *>(m_pView);
      |                                           ^~~~~
xp/ap_TopRuler.cpp:3310:35: note: shadowed declaration is here
 3310 |                         FV_View * pView = static_cast<FV_View *>(m_pView);
      |                                   ^~~~~
xp/ap_TopRuler.cpp:3386:44: warning: comparison of integer expressions of different signedness: 'UT_sint32' {aka 'int'} and 'std::vector<int>::size_type' {aka 'long unsigned int'} [-Wsign-compare]
 3386 |                                   for(i=0;i<vecRelWidths.size();i++)
      |                                           ~^~~~~~~~~~~~~~~~~~~~
xp/ap_TopRuler.cpp:3421:43: warning: declaration of 'pView' shadows a previous local [-Wshadow]
 3421 |                                 FV_View * pView = static_cast<FV_View *>(m_pView);
      |                                           ^~~~~
xp/ap_TopRuler.cpp:3310:35: note: shadowed declaration is here
 3310 |                         FV_View * pView = static_cast<FV_View *>(m_pView);
      |                                   ^~~~~
  CXX      grammar/AbiGrammar.lo
  CXX      grammar/AbiGrammarCheck.lo
  CXX      grammar/AbiGrammarUtil.lo
In file included from ../../../src/af/util/xp/ut_vector.h:26,
                 from ../../../src/text/ptbl/xp/pd_Document.h:37,
                 from grammar/AbiGrammarCheck.cpp:25:
../../../src/af/gr/xp/gr_RenderInfo.h: In member function 'UT_uint32 GR_Itemization::getNthLength(UT_sint32)':
../../../src/af/gr/xp/gr_RenderInfo.h:143:75: warning: comparison of integer expressions of different signedness: 'UT_sint32' {aka 'int'} and 'std::vector<int>::size_type' {aka 'long unsigned int'} [-Wsign-compare]
  143 |                                                   UT_return_val_if_fail(i < m_vOffsets.size()-1, 0);
      |                                                                         ~~^~~~~~~~~~~~~~~~~~~~~
../../../src/af/util/xp/ut_assert.h:108:48: note: in definition of macro 'UT_return_val_if_fail'
  108 | #define UT_return_val_if_fail(cond, val) if (!(cond)) { UT_ASSERT(cond); return (val); }
      |                                                ^~~~
grammar/AbiGrammarCheck.cpp: In destructor 'virtual Abi_GrammarCheck::~Abi_GrammarCheck()':
grammar/AbiGrammarCheck.cpp:58:14: warning: comparison of integer expressions of different signedness: 'UT_sint32' {aka 'int'} and 'std::vector<PieceOfText*>::size_type' {aka 'long unsigned int'} [-Wsign-compare]
   58 |   for(i= 0; i< m_vecSentences.size();i++)
      |             ~^~~~~~~~~~~~~~~~~~~~~~~
grammar/AbiGrammarCheck.cpp: In member function 'bool Abi_GrammarCheck::CheckBlock(fl_BlockLayout*)':
grammar/AbiGrammarCheck.cpp:97:23: warning: comparison of integer expressions of different signedness: 'UT_sint32' {aka 'int'} and 'std::vector<PieceOfText*>::size_type' {aka 'long unsigned int'} [-Wsign-compare]
   97 |   for(UT_sint32 j=0; j< m_vecSentences.size(); j++)
      |                      ~^~~~~~~~~~~~~~~~~~~~~~~
grammar/AbiGrammarCheck.cpp:122:17: warning: comparison of integer expressions of different signedness: 'UT_sint32' {aka 'int'} and 'std::vector<AbiGrammarError*>::size_type' {aka 'long unsigned int'} [-Wsign-compare]
  122 |       for(i=0; i< pTxt->m_vecGrammarErrors.size();i++)
      |                ~^~~~~~~~~~~~~~~~~~~~~~~~~~~~~~~~~
grammar/AbiGrammarCheck.cpp: In member function 'bool Abi_GrammarCheck::GetEnglishText(fl_BlockLayout*)':
grammar/AbiGrammarCheck.cpp:143:14: warning: comparison of integer expressions of different signedness: 'UT_sint32' {aka 'int'} and 'std::vector<PieceOfText*>::size_type' {aka 'long unsigned int'} [-Wsign-compare]
  143 |   for(i= 0; i< m_vecSentences.size();i++)
      |             ~^~~~~~~~~~~~~~~~~~~~~~~
  CXX      grammar/HunspellWrap.lo
  CXX      xp/ap_StatusBar.lo
  CXX      xp/ap_LB_Emacs.lo
  CXX      xp/ap_LB_EmacsCtrlX.lo
  CXX      xp/ap_LB_viEdit_c.lo
  CXX      xp/ap_LB_viEdit_colon.lo
  CXX      xp/ap_LB_viEdit.lo
  CXX      xp/ap_LB_viEdit_d.lo
  CXX      xp/ap_LB_viEdit_r.lo
  CXX      xp/ap_LB_viEdit_y.lo
  CXX      xp/ap_LB_viInput.lo
  CXX      gtk/GTKCommon.lo
  CXX      gtk/ap_DocView.lo
  CXX      gtk/ap_UnixApp.lo
  CXX      gtk/ap_UnixAppImpl.lo
  CXX      gtk/ap_UnixClipboard.lo
In file included from /usr/include/libgsf-1/gsf/gsf.h:53,
                 from gtk/ap_DocView.cpp:33:
gtk/ap_DocView.cpp: In function 'GType ap_DocView_get_type()':
/usr/include/libgsf-1/gsf/gsf-impl-utils.h:84:17: warning: cast between incompatible function types from 'void (*)(GtkAccessibleTextInterface*)' {aka 'void (*)(_GtkAccessibleTextInterface*)'} to 'GInterfaceInitFunc' {aka 'void (*)(void*, void*)'} [-Wcast-function-type]
   84 |                 (GInterfaceInitFunc) init_func, NULL, NULL };   \
/usr/include/libgsf-1/gsf/gsf-impl-utils.h:57:17: note: in definition of macro 'GSF_CLASS_FULL'
   57 |                 interface_decl                                          \
      |                 ^~~~~~~~~~~~~~
/usr/include/libgsf-1/gsf/gsf-impl-utils.h:89:9: note: in expansion of macro 'GSF_INTERFACE_FULL'
   89 |         GSF_INTERFACE_FULL(type, init_func, iface_type)
      |         ^~~~~~~~~~~~~~~~~~
gtk/ap_DocView.cpp:312:28: note: in expansion of macro 'GSF_INTERFACE'
  312 |                            GSF_INTERFACE(ap_DocView_accessible_text_init,
      |                            ^~~~~~~~~~~~~
  CXX      gtk/ap_UnixDialog_Annotation.lo
  CXX      gtk/ap_UnixDialog_Background.lo
In file included from ../../../src/af/util/xp/ut_stringbuf.h:33,
                 from ../../../src/af/util/xp/ut_string_class.h:43,
                 from ../../../src/af/util/xp/ut_path.h:41,
                 from gtk/ap_UnixApp.cpp:80:
../../../src/af/gr/xp/gr_RenderInfo.h: In member function 'UT_uint32 GR_Itemization::getNthLength(UT_sint32)':
../../../src/af/gr/xp/gr_RenderInfo.h:143:75: warning: comparison of integer expressions of different signedness: 'UT_sint32' {aka 'int'} and 'std::vector<int>::size_type' {aka 'long unsigned int'} [-Wsign-compare]
  143 |                                                   UT_return_val_if_fail(i < m_vOffsets.size()-1, 0);
      |                                                                         ~~^~~~~~~~~~~~~~~~~~~~~
../../../src/af/util/xp/ut_assert.h:108:48: note: in definition of macro 'UT_return_val_if_fail'
  108 | #define UT_return_val_if_fail(cond, val) if (!(cond)) { UT_ASSERT(cond); return (val); }
      |                                                ^~~~
gtk/ap_UnixDialog_Background.cpp: In member function 'virtual GtkWidget* AP_UnixDialog_Background::_constructWindow()':
gtk/ap_UnixDialog_Background.cpp:136:62: warning: 'GtkWidget* gtk_dialog_get_content_area(GtkDialog*)' is deprecated [-Wdeprecated-declarations]
  136 |         _constructWindowContents (gtk_dialog_get_content_area(GTK_DIALOG(dlg)));
      |                                   ~~~~~~~~~~~~~~~~~~~~~~~~~~~^~~~~~~~~~~~~~~~~
In file included from /usr/include/gtk-4.0/gtk/deprecated/gtkappchooserdialog.h:31,
                 from /usr/include/gtk-4.0/gtk/gtk.h:43,
                 from ../../../src/af/xap/gtk/xap_UnixDialogHelper.h:23,
                 from gtk/ap_UnixDialog_Background.cpp:27:
/usr/include/gtk-4.0/gtk/deprecated/gtkdialog.h:172:13: note: declared here
  172 | GtkWidget * gtk_dialog_get_content_area (GtkDialog *dialog);
      |             ^~~~~~~~~~~~~~~~~~~~~~~~~~~
gtk/ap_UnixDialog_Background.cpp: In member function 'virtual void AP_UnixDialog_Background::_constructWindowContents(GtkWidget*)':
gtk/ap_UnixDialog_Background.cpp:150:48: warning: 'GtkWidget* gtk_color_chooser_widget_new()' is deprecated [-Wdeprecated-declarations]
  150 |         colorsel = gtk_color_chooser_widget_new();
      |                    ~~~~~~~~~~~~~~~~~~~~~~~~~~~~^~
In file included from /usr/include/gtk-4.0/gtk/gtk.h:85:
/usr/include/gtk-4.0/gtk/deprecated/gtkcolorchooserwidget.h:38:13: note: declared here
   38 | GtkWidget * gtk_color_chooser_widget_new      (void);
      |             ^~~~~~~~~~~~~~~~~~~~~~~~~~~~
gtk/ap_UnixDialog_Background.cpp:151:40: warning: 'void gtk_color_chooser_set_use_alpha(GtkColorChooser*, gboolean)' is deprecated [-Wdeprecated-declarations]
  151 |         gtk_color_chooser_set_use_alpha(GTK_COLOR_CHOOSER(colorsel), false);
      |         ~~~~~~~~~~~~~~~~~~~~~~~~~~~~~~~^~~~~~~~~~~~~~~~~~~~~~~~~~~~~~~~~~~~
In file included from /usr/include/gtk-4.0/gtk/gtk.h:83:
/usr/include/gtk-4.0/gtk/deprecated/gtkcolorchooser.h:75:10: note: declared here
   75 | void     gtk_color_chooser_set_use_alpha  (GtkColorChooser *chooser,
      |          ^~~~~~~~~~~~~~~~~~~~~~~~~~~~~~~
gtk/ap_UnixDialog_Background.cpp:163:35: warning: 'void gtk_color_chooser_set_rgba(GtkColorChooser*, const GdkRGBA*)' is deprecated [-Wdeprecated-declarations]
  163 |         gtk_color_chooser_set_rgba( GTK_COLOR_CHOOSER ( colorsel ), gcolor);
      |         ~~~~~~~~~~~~~~~~~~~~~~~~~~^~~~~~~~~~~~~~~~~~~~~~~~~~~~~~~~~~~~~~~~~
/usr/include/gtk-4.0/gtk/deprecated/gtkcolorchooser.h:69:10: note: declared here
   69 | void     gtk_color_chooser_set_rgba       (GtkColorChooser *chooser,
      |          ^~~~~~~~~~~~~~~~~~~~~~~~~~
gtk/ap_UnixDialog_Background.cpp: In member function 'virtual void AP_UnixDialog_Background::eventOk()':
gtk/ap_UnixDialog_Background.cpp:204:35: warning: 'void gtk_color_chooser_get_rgba(GtkColorChooser*, GdkRGBA*)' is deprecated [-Wdeprecated-declarations]
  204 |         gtk_color_chooser_get_rgba(GTK_COLOR_CHOOSER(m_wColorsel), &color);
      |         ~~~~~~~~~~~~~~~~~~~~~~~~~~^~~~~~~~~~~~~~~~~~~~~~~~~~~~~~~~~~~~~~~~
/usr/include/gtk-4.0/gtk/deprecated/gtkcolorchooser.h:66:10: note: declared here
   66 | void     gtk_color_chooser_get_rgba       (GtkColorChooser *chooser,
      |          ^~~~~~~~~~~~~~~~~~~~~~~~~~
gtk/ap_UnixDialog_Background.cpp: In member function 'void AP_UnixDialog_Background::colorCleared()':
gtk/ap_UnixDialog_Background.cpp:222:36: warning: 'void gtk_color_chooser_set_rgba(GtkColorChooser*, const GdkRGBA*)' is deprecated [-Wdeprecated-declarations]
  222 |         gtk_color_chooser_set_rgba (GTK_COLOR_CHOOSER(m_wColorsel),
      |         ~~~~~~~~~~~~~~~~~~~~~~~~~~~^~~~~~~~~~~~~~~~~~~~~~~~~~~~~~~~
  223 |                                     &gcolor);
      |                                     ~~~~~~~~
/usr/include/gtk-4.0/gtk/deprecated/gtkcolorchooser.h:69:10: note: declared here
   69 | void     gtk_color_chooser_set_rgba       (GtkColorChooser *chooser,
      |          ^~~~~~~~~~~~~~~~~~~~~~~~~~
  CXX      gtk/ap_UnixDialog_Border_Shading.lo
  CXX      gtk/ap_UnixDialog_Break.lo
  CXX      gtk/ap_UnixDialog_Columns.lo
  CXX      gtk/ap_UnixDialog_Document.lo
In file included from gtk/ap_UnixDialog_Border_Shading.cpp:31:
../../../src/af/gr/xp/gr_RenderInfo.h: In member function 'UT_uint32 GR_Itemization::getNthLength(UT_sint32)':
../../../src/af/gr/xp/gr_RenderInfo.h:143:75: warning: comparison of integer expressions of different signedness: 'UT_sint32' {aka 'int'} and 'std::vector<int>::size_type' {aka 'long unsigned int'} [-Wsign-compare]
  143 |                                                   UT_return_val_if_fail(i < m_vOffsets.size()-1, 0);
      |                                                                         ~~^~~~~~~~~~~~~~~~~~~~~
../../../src/af/util/xp/ut_assert.h:108:48: note: in definition of macro 'UT_return_val_if_fail'
  108 | #define UT_return_val_if_fail(cond, val) if (!(cond)) { UT_ASSERT(cond); return (val); }
      |                                                ^~~~
  CXX      gtk/ap_UnixDialogFactory.lo
gtk/ap_UnixDialog_Document.cpp: In function 'void ap_showLineNumbersDialog(GtkWindow*, FV_View*)':
gtk/ap_UnixDialog_Document.cpp:142:41: warning: 'GtkWidget* gtk_dialog_new()' is deprecated [-Wdeprecated-declarations]
  142 |         GtkWidget * dlg = gtk_dialog_new();
      |                           ~~~~~~~~~~~~~~^~
In file included from /usr/include/gtk-4.0/gtk/deprecated/gtkappchooserdialog.h:31,
                 from /usr/include/gtk-4.0/gtk/gtk.h:43,
                 from gtk/ap_UnixDialog_Document.cpp:23:
/usr/include/gtk-4.0/gtk/deprecated/gtkdialog.h:130:12: note: declared here
  130 | GtkWidget* gtk_dialog_new      (void);
      |            ^~~~~~~~~~~~~~
gtk/ap_UnixDialog_Document.cpp:147:31: warning: 'void gtk_dialog_add_buttons(GtkDialog*, const char*, ...)' is deprecated [-Wdeprecated-declarations]
  147 |         gtk_dialog_add_buttons(GTK_DIALOG(dlg),
      |         ~~~~~~~~~~~~~~~~~~~~~~^~~~~~~~~~~~~~~~~
  148 |                                                    "_OK", GTK_RESPONSE_OK,
      |                                                    ~~~~~~~~~~~~~~~~~~~~~~~
  149 |                                                    "_Cancel", GTK_RESPONSE_CANCEL, nullptr);
      |                                                    ~~~~~~~~~~~~~~~~~~~~~~~~~~~~~~~~~~~~~~~~
/usr/include/gtk-4.0/gtk/deprecated/gtkdialog.h:148:12: note: declared here
  148 | void       gtk_dialog_add_buttons       (GtkDialog   *dialog,
      |            ^~~~~~~~~~~~~~~~~~~~~~
gtk/ap_UnixDialog_Document.cpp:150:40: warning: 'void gtk_dialog_set_default_response(GtkDialog*, int)' is deprecated [-Wdeprecated-declarations]
  150 |         gtk_dialog_set_default_response(GTK_DIALOG(dlg), GTK_RESPONSE_OK);
      |         ~~~~~~~~~~~~~~~~~~~~~~~~~~~~~~~^~~~~~~~~~~~~~~~~~~~~~~~~~~~~~~~~~
/usr/include/gtk-4.0/gtk/deprecated/gtkdialog.h:157:6: note: declared here
  157 | void gtk_dialog_set_default_response   (GtkDialog *dialog,
      |      ^~~~~~~~~~~~~~~~~~~~~~~~~~~~~~~
In file included from /usr/include/glib-2.0/gobject/gobject.h:26,
                 from /usr/include/glib-2.0/gobject/gbinding.h:31,
                 from /usr/include/glib-2.0/glib-object.h:24,
                 from /usr/include/gtk-4.0/gtk/css/gtkcssenumtypes.h:11,
                 from /usr/include/gtk-4.0/gtk/css/gtkcss.h:33,
                 from /usr/include/gtk-4.0/gtk/gtk.h:29:
gtk/ap_UnixDialog_Document.cpp:162:59: warning: 'GtkWidget* gtk_dialog_get_content_area(GtkDialog*)' is deprecated [-Wdeprecated-declarations]
  162 |         gtk_box_append(GTK_BOX(gtk_dialog_get_content_area(GTK_DIALOG(dlg))), box);
      |                                ~~~~~~~~~~~~~~~~~~~~~~~~~~~^~~~~~~~~~~~~~~~~
/usr/include/glib-2.0/gobject/gtype.h:2660:66: note: in definition of macro '_G_TYPE_CIC'
 2660 |     ((ct*) (void *) g_type_check_instance_cast ((GTypeInstance*) ip, gt))
      |                                                                  ^~
/usr/include/gtk-4.0/gtk/gtkbox.h:39:34: note: in expansion of macro 'G_TYPE_CHECK_INSTANCE_CAST'
   39 | #define GTK_BOX(obj)            (G_TYPE_CHECK_INSTANCE_CAST ((obj), GTK_TYPE_BOX, GtkBox))
      |                                  ^~~~~~~~~~~~~~~~~~~~~~~~~~
gtk/ap_UnixDialog_Document.cpp:162:24: note: in expansion of macro 'GTK_BOX'
  162 |         gtk_box_append(GTK_BOX(gtk_dialog_get_content_area(GTK_DIALOG(dlg))), box);
      |                        ^~~~~~~
/usr/include/gtk-4.0/gtk/deprecated/gtkdialog.h:172:13: note: declared here
  172 | GtkWidget * gtk_dialog_get_content_area (GtkDialog *dialog);
      |             ^~~~~~~~~~~~~~~~~~~~~~~~~~~
gtk/ap_UnixDialog_Document.cpp: In function 'void ap_showHyphenationDialog(GtkWindow*, FV_View*)':
gtk/ap_UnixDialog_Document.cpp:289:41: warning: 'GtkWidget* gtk_dialog_new()' is deprecated [-Wdeprecated-declarations]
  289 |         GtkWidget * dlg = gtk_dialog_new();
      |                           ~~~~~~~~~~~~~~^~
/usr/include/gtk-4.0/gtk/deprecated/gtkdialog.h:130:12: note: declared here
  130 | GtkWidget* gtk_dialog_new      (void);
      |            ^~~~~~~~~~~~~~
gtk/ap_UnixDialog_Document.cpp:294:31: warning: 'void gtk_dialog_add_buttons(GtkDialog*, const char*, ...)' is deprecated [-Wdeprecated-declarations]
  294 |         gtk_dialog_add_buttons(GTK_DIALOG(dlg),
      |         ~~~~~~~~~~~~~~~~~~~~~~^~~~~~~~~~~~~~~~~
  295 |                                                    "_OK", GTK_RESPONSE_OK,
      |                                                    ~~~~~~~~~~~~~~~~~~~~~~~
  296 |                                                    "_Cancel", GTK_RESPONSE_CANCEL, nullptr);
      |                                                    ~~~~~~~~~~~~~~~~~~~~~~~~~~~~~~~~~~~~~~~~
/usr/include/gtk-4.0/gtk/deprecated/gtkdialog.h:148:12: note: declared here
  148 | void       gtk_dialog_add_buttons       (GtkDialog   *dialog,
      |            ^~~~~~~~~~~~~~~~~~~~~~
gtk/ap_UnixDialog_Document.cpp:297:40: warning: 'void gtk_dialog_set_default_response(GtkDialog*, int)' is deprecated [-Wdeprecated-declarations]
  297 |         gtk_dialog_set_default_response(GTK_DIALOG(dlg), GTK_RESPONSE_OK);
      |         ~~~~~~~~~~~~~~~~~~~~~~~~~~~~~~~^~~~~~~~~~~~~~~~~~~~~~~~~~~~~~~~~~
/usr/include/gtk-4.0/gtk/deprecated/gtkdialog.h:157:6: note: declared here
  157 | void gtk_dialog_set_default_response   (GtkDialog *dialog,
      |      ^~~~~~~~~~~~~~~~~~~~~~~~~~~~~~~
gtk/ap_UnixDialog_Document.cpp:309:59: warning: 'GtkWidget* gtk_dialog_get_content_area(GtkDialog*)' is deprecated [-Wdeprecated-declarations]
  309 |         gtk_box_append(GTK_BOX(gtk_dialog_get_content_area(GTK_DIALOG(dlg))), box);
      |                                ~~~~~~~~~~~~~~~~~~~~~~~~~~~^~~~~~~~~~~~~~~~~
/usr/include/glib-2.0/gobject/gtype.h:2660:66: note: in definition of macro '_G_TYPE_CIC'
 2660 |     ((ct*) (void *) g_type_check_instance_cast ((GTypeInstance*) ip, gt))
      |                                                                  ^~
/usr/include/gtk-4.0/gtk/gtkbox.h:39:34: note: in expansion of macro 'G_TYPE_CHECK_INSTANCE_CAST'
   39 | #define GTK_BOX(obj)            (G_TYPE_CHECK_INSTANCE_CAST ((obj), GTK_TYPE_BOX, GtkBox))
      |                                  ^~~~~~~~~~~~~~~~~~~~~~~~~~
gtk/ap_UnixDialog_Document.cpp:309:24: note: in expansion of macro 'GTK_BOX'
  309 |         gtk_box_append(GTK_BOX(gtk_dialog_get_content_area(GTK_DIALOG(dlg))), box);
      |                        ^~~~~~~
/usr/include/gtk-4.0/gtk/deprecated/gtkdialog.h:172:13: note: declared here
  172 | GtkWidget * gtk_dialog_get_content_area (GtkDialog *dialog);
      |             ^~~~~~~~~~~~~~~~~~~~~~~~~~~
gtk/ap_UnixDialog_Document.cpp: In member function 'GtkWidget* AP_UnixDialog_Document::_constructWindow()':
gtk/ap_UnixDialog_Document.cpp:682:41: warning: 'GtkWidget* gtk_dialog_new()' is deprecated [-Wdeprecated-declarations]
  682 |         GtkWidget * dlg = gtk_dialog_new();
      |                           ~~~~~~~~~~~~~~^~
/usr/include/gtk-4.0/gtk/deprecated/gtkdialog.h:130:12: note: declared here
  130 | GtkWidget* gtk_dialog_new      (void);
      |            ^~~~~~~~~~~~~~
gtk/ap_UnixDialog_Border_Shading.cpp: In member function 'virtual void AP_UnixDialog_Border_Shading::runModeless(XAP_Frame*)':
gtk/ap_UnixDialog_Border_Shading.cpp:263:34: warning: 'void gtk_widget_get_allocation(GtkWidget*, GtkAllocation*)' is deprecated: Use 'gtk_widget_compute_bounds' instead [-Wdeprecated-declarations]
  263 |         gtk_widget_get_allocation(m_wPreviewArea, &alloc);
      |         ~~~~~~~~~~~~~~~~~~~~~~~~~^~~~~~~~~~~~~~~~~~~~~~~~
gtk/ap_UnixDialog_Document.cpp:696:31: warning: 'void gtk_dialog_add_buttons(GtkDialog*, const char*, ...)' is deprecated [-Wdeprecated-declarations]
  696 |         gtk_dialog_add_buttons(GTK_DIALOG(dlg),
      |         ~~~~~~~~~~~~~~~~~~~~~~^~~~~~~~~~~~~~~~~
  697 |                                                    "_OK", GTK_RESPONSE_OK,
      |                                                    ~~~~~~~~~~~~~~~~~~~~~~~
  698 |                                                    "_Cancel", GTK_RESPONSE_CANCEL, nullptr);
      |                                                    ~~~~~~~~~~~~~~~~~~~~~~~~~~~~~~~~~~~~~~~~
In file included from /usr/include/gtk-4.0/gtk/gtkapplication.h:26,
                 from /usr/include/gtk-4.0/gtk/gtkwindow.h:32,
                 from /usr/include/gtk-4.0/gtk/gtkaboutdialog.h:29,
                 from /usr/include/gtk-4.0/gtk/gtk.h:33,
                 from ../../../src/af/util/unix/ut_unixColor.h:29,
                 from gtk/ap_UnixDialog_Border_Shading.cpp:33:
/usr/include/gtk-4.0/gtk/gtkwidget.h:479:23: note: declared here
  479 | void                  gtk_widget_get_allocation         (GtkWidget     *widget,
      |                       ^~~~~~~~~~~~~~~~~~~~~~~~~
/usr/include/gtk-4.0/gtk/deprecated/gtkdialog.h:148:12: note: declared here
  148 | void       gtk_dialog_add_buttons       (GtkDialog   *dialog,
      |            ^~~~~~~~~~~~~~~~~~~~~~
gtk/ap_UnixDialog_Document.cpp:699:40: warning: 'void gtk_dialog_set_default_response(GtkDialog*, int)' is deprecated [-Wdeprecated-declarations]
  699 |         gtk_dialog_set_default_response(GTK_DIALOG(dlg), GTK_RESPONSE_OK);
      |         ~~~~~~~~~~~~~~~~~~~~~~~~~~~~~~~^~~~~~~~~~~~~~~~~~~~~~~~~~~~~~~~~~
/usr/include/gtk-4.0/gtk/deprecated/gtkdialog.h:157:6: note: declared here
  157 | void gtk_dialog_set_default_response   (GtkDialog *dialog,
      |      ^~~~~~~~~~~~~~~~~~~~~~~~~~~~~~~
gtk/ap_UnixDialog_Document.cpp:701:55: warning: 'GtkWidget* gtk_dialog_get_content_area(GtkDialog*)' is deprecated [-Wdeprecated-declarations]
  701 |         GtkWidget * area = gtk_dialog_get_content_area(GTK_DIALOG(dlg));
      |                            ~~~~~~~~~~~~~~~~~~~~~~~~~~~^~~~~~~~~~~~~~~~~
/usr/include/gtk-4.0/gtk/deprecated/gtkdialog.h:172:13: note: declared here
  172 | GtkWidget * gtk_dialog_get_content_area (GtkDialog *dialog);
      |             ^~~~~~~~~~~~~~~~~~~~~~~~~~~
gtk/ap_UnixDialog_Border_Shading.cpp: In member function 'virtual void AP_UnixDialog_Border_Shading::setBorderColorInGUI(const UT_RGBColor&)':
gtk/ap_UnixDialog_Border_Shading.cpp:354:36: warning: 'void gtk_color_chooser_set_rgba(GtkColorChooser*, const GdkRGBA*)' is deprecated [-Wdeprecated-declarations]
  354 |         gtk_color_chooser_set_rgba (GTK_COLOR_CHOOSER(m_wBorderColorButton), color);
      |         ~~~~~~~~~~~~~~~~~~~~~~~~~~~^~~~~~~~~~~~~~~~~~~~~~~~~~~~~~~~~~~~~~~~~~~~~~~~
In file included from /usr/include/gtk-4.0/gtk/gtk.h:83:
/usr/include/gtk-4.0/gtk/deprecated/gtkcolorchooser.h:69:10: note: declared here
   69 | void     gtk_color_chooser_set_rgba       (GtkColorChooser *chooser,
      |          ^~~~~~~~~~~~~~~~~~~~~~~~~~
gtk/ap_UnixDialog_Border_Shading.cpp: In member function 'virtual void AP_UnixDialog_Border_Shading::setShadingColorInGUI(const UT_RGBColor&)':
gtk/ap_UnixDialog_Border_Shading.cpp:363:36: warning: 'void gtk_color_chooser_set_rgba(GtkColorChooser*, const GdkRGBA*)' is deprecated [-Wdeprecated-declarations]
  363 |         gtk_color_chooser_set_rgba (GTK_COLOR_CHOOSER(m_wShadingColorButton), color);
      |         ~~~~~~~~~~~~~~~~~~~~~~~~~~~^~~~~~~~~~~~~~~~~~~~~~~~~~~~~~~~~~~~~~~~~~~~~~~~~
/usr/include/gtk-4.0/gtk/deprecated/gtkcolorchooser.h:69:10: note: declared here
   69 | void     gtk_color_chooser_set_rgba       (GtkColorChooser *chooser,
      |          ^~~~~~~~~~~~~~~~~~~~~~~~~~
gtk/ap_UnixDialog_Document.cpp: In member function 'void AP_UnixDialog_Document::_doDefault()':
gtk/ap_UnixDialog_Document.cpp:872:41: warning: 'GtkWidget* gtk_dialog_new()' is deprecated [-Wdeprecated-declarations]
  872 |         GtkWidget * dlg = gtk_dialog_new();
      |                           ~~~~~~~~~~~~~~^~
/usr/include/gtk-4.0/gtk/deprecated/gtkdialog.h:130:12: note: declared here
  130 | GtkWidget* gtk_dialog_new      (void);
      |            ^~~~~~~~~~~~~~
gtk/ap_UnixDialog_Document.cpp:877:31: warning: 'void gtk_dialog_add_buttons(GtkDialog*, const char*, ...)' is deprecated [-Wdeprecated-declarations]
  877 |         gtk_dialog_add_buttons(GTK_DIALOG(dlg),
      |         ~~~~~~~~~~~~~~~~~~~~~~^~~~~~~~~~~~~~~~~
  878 |                                                    "_Yes", GTK_RESPONSE_YES,
      |                                                    ~~~~~~~~~~~~~~~~~~~~~~~~~
  879 |                                                    "_No", GTK_RESPONSE_NO, nullptr);
      |                                                    ~~~~~~~~~~~~~~~~~~~~~~~~~~~~~~~~
/usr/include/gtk-4.0/gtk/deprecated/gtkdialog.h:148:12: note: declared here
  148 | void       gtk_dialog_add_buttons       (GtkDialog   *dialog,
      |            ^~~~~~~~~~~~~~~~~~~~~~
gtk/ap_UnixDialog_Document.cpp:880:40: warning: 'void gtk_dialog_set_default_response(GtkDialog*, int)' is deprecated [-Wdeprecated-declarations]
  880 |         gtk_dialog_set_default_response(GTK_DIALOG(dlg), GTK_RESPONSE_NO);
      |         ~~~~~~~~~~~~~~~~~~~~~~~~~~~~~~~^~~~~~~~~~~~~~~~~~~~~~~~~~~~~~~~~~
/usr/include/gtk-4.0/gtk/deprecated/gtkdialog.h:157:6: note: declared here
  157 | void gtk_dialog_set_default_response   (GtkDialog *dialog,
      |      ^~~~~~~~~~~~~~~~~~~~~~~~~~~~~~~
gtk/ap_UnixDialog_Document.cpp:899:44: warning: 'GtkWidget* gtk_dialog_get_content_area(GtkDialog*)' is deprecated [-Wdeprecated-declarations]
  899 |                 gtk_dialog_get_content_area(GTK_DIALOG(dlg))), box);
      |                 ~~~~~~~~~~~~~~~~~~~~~~~~~~~^~~~~~~~~~~~~~~~~
/usr/include/glib-2.0/gobject/gtype.h:2660:66: note: in definition of macro '_G_TYPE_CIC'
 2660 |     ((ct*) (void *) g_type_check_instance_cast ((GTypeInstance*) ip, gt))
      |                                                                  ^~
/usr/include/gtk-4.0/gtk/gtkbox.h:39:34: note: in expansion of macro 'G_TYPE_CHECK_INSTANCE_CAST'
   39 | #define GTK_BOX(obj)            (G_TYPE_CHECK_INSTANCE_CAST ((obj), GTK_TYPE_BOX, GtkBox))
      |                                  ^~~~~~~~~~~~~~~~~~~~~~~~~~
gtk/ap_UnixDialog_Document.cpp:898:24: note: in expansion of macro 'GTK_BOX'
  898 |         gtk_box_append(GTK_BOX(
      |                        ^~~~~~~
/usr/include/gtk-4.0/gtk/deprecated/gtkdialog.h:172:13: note: declared here
  172 | GtkWidget * gtk_dialog_get_content_area (GtkDialog *dialog);
      |             ^~~~~~~~~~~~~~~~~~~~~~~~~~~
gtk/ap_UnixDialog_Document.cpp: In member function 'void AP_UnixDialog_Document::_writeDefaultTemplate()':
gtk/ap_UnixDialog_Document.cpp:965:49: warning: 'GtkWidget* gtk_dialog_new()' is deprecated [-Wdeprecated-declarations]
  965 |                 GtkWidget * err = gtk_dialog_new();
      |                                   ~~~~~~~~~~~~~~^~
/usr/include/gtk-4.0/gtk/deprecated/gtkdialog.h:130:12: note: declared here
  130 | GtkWidget* gtk_dialog_new      (void);
      |            ^~~~~~~~~~~~~~
gtk/ap_UnixDialog_Document.cpp:970:38: warning: 'GtkWidget* gtk_dialog_add_button(GtkDialog*, const char*, int)' is deprecated [-Wdeprecated-declarations]
  970 |                 gtk_dialog_add_button(GTK_DIALOG(err), "_OK", GTK_RESPONSE_OK);
      |                 ~~~~~~~~~~~~~~~~~~~~~^~~~~~~~~~~~~~~~~~~~~~~~~~~~~~~~~~~~~~~~~
/usr/include/gtk-4.0/gtk/deprecated/gtkdialog.h:144:12: note: declared here
  144 | GtkWidget* gtk_dialog_add_button        (GtkDialog   *dialog,
      |            ^~~~~~~~~~~~~~~~~~~~~
gtk/ap_UnixDialog_Document.cpp:978:52: warning: 'GtkWidget* gtk_dialog_get_content_area(GtkDialog*)' is deprecated [-Wdeprecated-declarations]
  978 |                         gtk_dialog_get_content_area(GTK_DIALOG(err))), msg);
      |                         ~~~~~~~~~~~~~~~~~~~~~~~~~~~^~~~~~~~~~~~~~~~~
/usr/include/glib-2.0/gobject/gtype.h:2660:66: note: in definition of macro '_G_TYPE_CIC'
 2660 |     ((ct*) (void *) g_type_check_instance_cast ((GTypeInstance*) ip, gt))
      |                                                                  ^~
/usr/include/gtk-4.0/gtk/gtkbox.h:39:34: note: in expansion of macro 'G_TYPE_CHECK_INSTANCE_CAST'
   39 | #define GTK_BOX(obj)            (G_TYPE_CHECK_INSTANCE_CAST ((obj), GTK_TYPE_BOX, GtkBox))
      |                                  ^~~~~~~~~~~~~~~~~~~~~~~~~~
gtk/ap_UnixDialog_Document.cpp:977:32: note: in expansion of macro 'GTK_BOX'
  977 |                 gtk_box_append(GTK_BOX(
      |                                ^~~~~~~
/usr/include/gtk-4.0/gtk/deprecated/gtkdialog.h:172:13: note: declared here
  172 | GtkWidget * gtk_dialog_get_content_area (GtkDialog *dialog);
      |             ^~~~~~~~~~~~~~~~~~~~~~~~~~~
gtk/ap_UnixDialog_Document.cpp: In member function 'void AP_UnixDialog_Document::_doPrint()':
gtk/ap_UnixDialog_Document.cpp:987:28: warning: 'void gtk_dialog_response(GtkDialog*, int)' is deprecated [-Wdeprecated-declarations]
  987 |         gtk_dialog_response(GTK_DIALOG(m_wMainWindow), RESP_PRINT);
      |         ~~~~~~~~~~~~~~~~~~~^~~~~~~~~~~~~~~~~~~~~~~~~~~~~~~~~~~~~~~
/usr/include/gtk-4.0/gtk/deprecated/gtkdialog.h:168:6: note: declared here
  168 | void gtk_dialog_response           (GtkDialog *dialog,
      |      ^~~~~~~~~~~~~~~~~~~
In file included from gtk/ap_UnixDialog_Columns.cpp:33:
../../../src/af/gr/xp/gr_RenderInfo.h: In member function 'UT_uint32 GR_Itemization::getNthLength(UT_sint32)':
../../../src/af/gr/xp/gr_RenderInfo.h:143:75: warning: comparison of integer expressions of different signedness: 'UT_sint32' {aka 'int'} and 'std::vector<int>::size_type' {aka 'long unsigned int'} [-Wsign-compare]
  143 |                                                   UT_return_val_if_fail(i < m_vOffsets.size()-1, 0);
      |                                                                         ~~^~~~~~~~~~~~~~~~~~~~~
../../../src/af/util/xp/ut_assert.h:108:48: note: in definition of macro 'UT_return_val_if_fail'
  108 | #define UT_return_val_if_fail(cond, val) if (!(cond)) { UT_ASSERT(cond); return (val); }
      |                                                ^~~~
gtk/ap_UnixDialog_Columns.cpp: In member function 'virtual GtkWidget* AP_UnixDialog_Columns::_constructWindow()':
gtk/ap_UnixDialog_Columns.cpp:498:61: warning: 'GtkWidget* gtk_dialog_get_content_area(GtkDialog*)' is deprecated [-Wdeprecated-declarations]
  498 |         _constructWindowContents(gtk_dialog_get_content_area(GTK_DIALOG(windowColumns)));
      |                                  ~~~~~~~~~~~~~~~~~~~~~~~~~~~^~~~~~~~~~~~~~~~~~~~~~~~~~~
In file included from /usr/include/gtk-4.0/gtk/deprecated/gtkappchooserdialog.h:31,
                 from /usr/include/gtk-4.0/gtk/gtk.h:43,
                 from ../../../src/af/xap/gtk/xap_UnixDialogHelper.h:23,
                 from gtk/ap_UnixDialog_Columns.cpp:38:
/usr/include/gtk-4.0/gtk/deprecated/gtkdialog.h:172:13: note: declared here
  172 | GtkWidget * gtk_dialog_get_content_area (GtkDialog *dialog);
      |             ^~~~~~~~~~~~~~~~~~~~~~~~~~~
  CXX      gtk/ap_UnixDialog_Field.lo
  CXX      gtk/ap_UnixDialog_FormatFootnotes.lo
  CXX      gtk/ap_UnixDialog_FormatTable.lo
gtk/ap_UnixDialog_Field.cpp: In static member function 'static void AP_UnixDialog_Field::s_field_dblclicked(GtkListView*, guint, AP_UnixDialog_Field*)':
gtk/ap_UnixDialog_Field.cpp:88:29: warning: 'void gtk_dialog_response(GtkDialog*, int)' is deprecated [-Wdeprecated-declarations]
   88 |         gtk_dialog_response (GTK_DIALOG(me->m_windowMain), CUSTOM_RESPONSE_INSERT);
      |         ~~~~~~~~~~~~~~~~~~~~^~~~~~~~~~~~~~~~~~~~~~~~~~~~~~~~~~~~~~~~~~~~~~~~~~~~~~
In file included from /usr/include/gtk-4.0/gtk/deprecated/gtkappchooserdialog.h:31,
                 from /usr/include/gtk-4.0/gtk/gtk.h:43,
                 from ../../../src/af/xap/gtk/xap_UnixDialogHelper.h:23,
                 from gtk/ap_UnixDialog_Field.cpp:30:
/usr/include/gtk-4.0/gtk/deprecated/gtkdialog.h:168:6: note: declared here
  168 | void gtk_dialog_response           (GtkDialog *dialog,
      |      ^~~~~~~~~~~~~~~~~~~
In file included from gtk/ap_UnixDialog_FormatTable.cpp:31:
../../../src/af/gr/xp/gr_RenderInfo.h: In member function 'UT_uint32 GR_Itemization::getNthLength(UT_sint32)':
../../../src/af/gr/xp/gr_RenderInfo.h:143:75: warning: comparison of integer expressions of different signedness: 'UT_sint32' {aka 'int'} and 'std::vector<int>::size_type' {aka 'long unsigned int'} [-Wsign-compare]
  143 |                                                   UT_return_val_if_fail(i < m_vOffsets.size()-1, 0);
      |                                                                         ~~^~~~~~~~~~~~~~~~~~~~~
../../../src/af/util/xp/ut_assert.h:108:48: note: in definition of macro 'UT_return_val_if_fail'
  108 | #define UT_return_val_if_fail(cond, val) if (!(cond)) { UT_ASSERT(cond); return (val); }
      |                                                ^~~~
  CXX      gtk/ap_UnixDialog_FormatTOC.lo
  CXX      gtk/ap_UnixDialog_Goto.lo
gtk/ap_UnixDialog_FormatTable.cpp: In member function 'virtual void AP_UnixDialog_FormatTable::runModeless(XAP_Frame*)':
gtk/ap_UnixDialog_FormatTable.cpp:251:34: warning: 'void gtk_widget_get_allocation(GtkWidget*, GtkAllocation*)' is deprecated: Use 'gtk_widget_compute_bounds' instead [-Wdeprecated-declarations]
  251 |         gtk_widget_get_allocation(m_wPreviewArea, &allocation);
      |         ~~~~~~~~~~~~~~~~~~~~~~~~~^~~~~~~~~~~~~~~~~~~~~~~~~~~~~
In file included from /usr/include/gtk-4.0/gtk/gtkapplication.h:26,
                 from /usr/include/gtk-4.0/gtk/gtkwindow.h:32,
                 from /usr/include/gtk-4.0/gtk/gtkaboutdialog.h:29,
                 from /usr/include/gtk-4.0/gtk/gtk.h:33,
                 from ../../../src/af/util/unix/ut_unixColor.h:29,
                 from gtk/ap_UnixDialog_FormatTable.cpp:33:
/usr/include/gtk-4.0/gtk/gtkwidget.h:479:23: note: declared here
  479 | void                  gtk_widget_get_allocation         (GtkWidget     *widget,
      |                       ^~~~~~~~~~~~~~~~~~~~~~~~~
gtk/ap_UnixDialog_FormatTable.cpp: In member function 'virtual void AP_UnixDialog_FormatTable::setBackgroundColorInGUI(const UT_RGBColor&)':
gtk/ap_UnixDialog_FormatTable.cpp:311:36: warning: 'void gtk_color_chooser_set_rgba(GtkColorChooser*, const GdkRGBA*)' is deprecated [-Wdeprecated-declarations]
  311 |         gtk_color_chooser_set_rgba (GTK_COLOR_CHOOSER (m_wBackgroundColorButton), color);
      |         ~~~~~~~~~~~~~~~~~~~~~~~~~~~^~~~~~~~~~~~~~~~~~~~~~~~~~~~~~~~~~~~~~~~~~~~~~~~~~~~~
In file included from /usr/include/gtk-4.0/gtk/gtk.h:83:
/usr/include/gtk-4.0/gtk/deprecated/gtkcolorchooser.h:69:10: note: declared here
   69 | void     gtk_color_chooser_set_rgba       (GtkColorChooser *chooser,
      |          ^~~~~~~~~~~~~~~~~~~~~~~~~~
  CXX      gtk/ap_UnixDialog_HdrFtr.lo
  CXX      gtk/ap_UnixDialog_InsertBookmark.lo
  CXX      gtk/ap_UnixDialog_InsertXMLID.lo
  CXX      gtk/ap_UnixDialog_Insert_DateTime.lo
  CXX      gtk/ap_UnixDialog_InsertHyperlink.lo
gtk/ap_UnixDialog_InsertBookmark.cpp: In member function 'virtual GtkWidget* AP_UnixDialog_InsertBookmark::_constructWindow()':
gtk/ap_UnixDialog_InsertBookmark.cpp:241:53: warning: 'GtkWidget* gtk_dialog_get_content_area(GtkDialog*)' is deprecated [-Wdeprecated-declarations]
  241 |   xap_gtk_container_add (gtk_dialog_get_content_area(GTK_DIALOG (m_windowMain)), vbox);
      |                          ~~~~~~~~~~~~~~~~~~~~~~~~~~~^~~~~~~~~~~~~~~~~~~~~~~~~~~
In file included from /usr/include/gtk-4.0/gtk/deprecated/gtkappchooserdialog.h:31,
                 from /usr/include/gtk-4.0/gtk/gtk.h:43,
                 from ../../../src/af/xap/gtk/xap_UnixDialogHelper.h:23,
                 from gtk/ap_UnixDialog_InsertBookmark.cpp:34:
/usr/include/gtk-4.0/gtk/deprecated/gtkdialog.h:172:13: note: declared here
  172 | GtkWidget * gtk_dialog_get_content_area (GtkDialog *dialog);
      |             ^~~~~~~~~~~~~~~~~~~~~~~~~~~
  CXX      gtk/ap_UnixDialog_InsertTable.lo
gtk/ap_UnixDialog_Insert_DateTime.cpp: In static member function 'static void AP_UnixDialog_Insert_DateTime::s_date_dblclicked(GtkListView*, guint, AP_UnixDialog_Insert_DateTime*)':
gtk/ap_UnixDialog_Insert_DateTime.cpp:101:29: warning: 'void gtk_dialog_response(GtkDialog*, int)' is deprecated [-Wdeprecated-declarations]
  101 |         gtk_dialog_response (GTK_DIALOG(me->m_windowMain), CUSTOM_RESPONSE_INSERT);
      |         ~~~~~~~~~~~~~~~~~~~~^~~~~~~~~~~~~~~~~~~~~~~~~~~~~~~~~~~~~~~~~~~~~~~~~~~~~~
In file included from /usr/include/gtk-4.0/gtk/deprecated/gtkappchooserdialog.h:31,
                 from /usr/include/gtk-4.0/gtk/gtk.h:43,
                 from ../../../src/af/xap/gtk/xap_UnixDialogHelper.h:23,
                 from gtk/ap_UnixDialog_Insert_DateTime.cpp:30:
/usr/include/gtk-4.0/gtk/deprecated/gtkdialog.h:168:6: note: declared here
  168 | void gtk_dialog_response           (GtkDialog *dialog,
      |      ^~~~~~~~~~~~~~~~~~~
  CXX      gtk/ap_UnixDialog_Latex.lo
gtk/ap_UnixDialog_InsertXMLID.cpp: In member function 'virtual GtkWidget* AP_UnixDialog_InsertXMLID::_constructWindow()':
gtk/ap_UnixDialog_InsertXMLID.cpp:232:55: warning: 'GtkWidget* gtk_dialog_get_content_area(GtkDialog*)' is deprecated [-Wdeprecated-declarations]
  232 |     xap_gtk_container_add (gtk_dialog_get_content_area(GTK_DIALOG (m_window)), vbox);
      |                            ~~~~~~~~~~~~~~~~~~~~~~~~~~~^~~~~~~~~~~~~~~~~~~~~~~
In file included from /usr/include/gtk-4.0/gtk/deprecated/gtkappchooserdialog.h:31,
                 from /usr/include/gtk-4.0/gtk/gtk.h:43,
                 from ../../../src/af/xap/gtk/xap_UnixDialogHelper.h:23,
                 from gtk/ap_UnixDialog_InsertXMLID.cpp:35:
/usr/include/gtk-4.0/gtk/deprecated/gtkdialog.h:172:13: note: declared here
  172 | GtkWidget * gtk_dialog_get_content_area (GtkDialog *dialog);
      |             ^~~~~~~~~~~~~~~~~~~~~~~~~~~
  CXX      gtk/ap_UnixDialog_ListRevisions.lo
In file included from /usr/include/glib-2.0/gobject/gobject.h:26,
                 from /usr/include/glib-2.0/gobject/gbinding.h:31,
                 from /usr/include/glib-2.0/glib-object.h:24,
                 from /usr/include/gtk-4.0/gtk/css/gtkcssenumtypes.h:11,
                 from /usr/include/gtk-4.0/gtk/css/gtkcss.h:33,
                 from /usr/include/gtk-4.0/gtk/gtk.h:29,
                 from ../../../src/af/xap/gtk/xap_UnixDialogHelper.h:23,
                 from gtk/ap_UnixDialog_InsertHyperlink.cpp:31:
gtk/ap_UnixDialog_InsertHyperlink.cpp: In member function 'virtual GtkWidget* AP_UnixDialog_InsertHyperlink::_constructWindow()':
gtk/ap_UnixDialog_InsertHyperlink.cpp:277:53: warning: 'GtkWidget* gtk_dialog_get_content_area(GtkDialog*)' is deprecated [-Wdeprecated-declarations]
  277 |   gtk_box_append(GTK_BOX(gtk_dialog_get_content_area(GTK_DIALOG(m_windowMain))), frame1);
      |                          ~~~~~~~~~~~~~~~~~~~~~~~~~~~^~~~~~~~~~~~~~~~~~~~~~~~~~
/usr/include/glib-2.0/gobject/gtype.h:2660:66: note: in definition of macro '_G_TYPE_CIC'
 2660 |     ((ct*) (void *) g_type_check_instance_cast ((GTypeInstance*) ip, gt))
      |                                                                  ^~
/usr/include/gtk-4.0/gtk/gtkbox.h:39:34: note: in expansion of macro 'G_TYPE_CHECK_INSTANCE_CAST'
   39 | #define GTK_BOX(obj)            (G_TYPE_CHECK_INSTANCE_CAST ((obj), GTK_TYPE_BOX, GtkBox))
      |                                  ^~~~~~~~~~~~~~~~~~~~~~~~~~
gtk/ap_UnixDialog_InsertHyperlink.cpp:277:18: note: in expansion of macro 'GTK_BOX'
  277 |   gtk_box_append(GTK_BOX(gtk_dialog_get_content_area(GTK_DIALOG(m_windowMain))), frame1);
      |                  ^~~~~~~
In file included from /usr/include/gtk-4.0/gtk/deprecated/gtkappchooserdialog.h:31,
                 from /usr/include/gtk-4.0/gtk/gtk.h:43:
/usr/include/gtk-4.0/gtk/deprecated/gtkdialog.h:172:13: note: declared here
  172 | GtkWidget * gtk_dialog_get_content_area (GtkDialog *dialog);
      |             ^~~~~~~~~~~~~~~~~~~~~~~~~~~
  CXX      gtk/ap_UnixDialog_Lists.lo
  CXX      gtk/ap_UnixDialog_MarkRevisions.lo
  CXX      gtk/ap_UnixDialog_MergeCells.lo
gtk/ap_UnixDialog_ListRevisions.cpp: In static member function 'static void AP_UnixDialog_ListRevisions::row_activated_cb(GtkColumnView*, guint, AP_UnixDialog_ListRevisions*)':
gtk/ap_UnixDialog_ListRevisions.cpp:213:28: warning: 'void gtk_dialog_response(GtkDialog*, int)' is deprecated [-Wdeprecated-declarations]
  213 |         gtk_dialog_response(GTK_DIALOG(me->m_mainWindow), BUTTON_OK);
      |         ~~~~~~~~~~~~~~~~~~~^~~~~~~~~~~~~~~~~~~~~~~~~~~~~~~~~~~~~~~~~
In file included from /usr/include/gtk-4.0/gtk/deprecated/gtkappchooserdialog.h:31,
                 from /usr/include/gtk-4.0/gtk/gtk.h:43,
                 from ../../../src/af/xap/gtk/xap_UnixDialogHelper.h:23,
                 from gtk/ap_UnixDialog_ListRevisions.cpp:31:
/usr/include/gtk-4.0/gtk/deprecated/gtkdialog.h:168:6: note: declared here
  168 | void gtk_dialog_response           (GtkDialog *dialog,
      |      ^~~~~~~~~~~~~~~~~~~
gtk/ap_UnixDialog_ListRevisions.cpp: In member function 'virtual GtkWidget* AP_UnixDialog_ListRevisions::constructWindow()':
gtk/ap_UnixDialog_ListRevisions.cpp:291:41: warning: 'GtkWidget* gtk_dialog_get_content_area(GtkDialog*)' is deprecated [-Wdeprecated-declarations]
  291 |   vbDialog = gtk_dialog_get_content_area(GTK_DIALOG(ap_UnixDialog_ListRevisions));
      |              ~~~~~~~~~~~~~~~~~~~~~~~~~~~^~~~~~~~~~~~~~~~~~~~~~~~~~~~~~~~~~~~~~~~~
/usr/include/gtk-4.0/gtk/deprecated/gtkdialog.h:172:13: note: declared here
  172 | GtkWidget * gtk_dialog_get_content_area (GtkDialog *dialog);
      |             ^~~~~~~~~~~~~~~~~~~~~~~~~~~
  CXX      gtk/ap_UnixDialog_MetaData.lo
In file included from gtk/ap_UnixDialog_Lists.cpp:29:
../../../src/af/gr/xp/gr_RenderInfo.h: In member function 'UT_uint32 GR_Itemization::getNthLength(UT_sint32)':
../../../src/af/gr/xp/gr_RenderInfo.h:143:75: warning: comparison of integer expressions of different signedness: 'UT_sint32' {aka 'int'} and 'std::vector<int>::size_type' {aka 'long unsigned int'} [-Wsign-compare]
  143 |                                                   UT_return_val_if_fail(i < m_vOffsets.size()-1, 0);
      |                                                                         ~~^~~~~~~~~~~~~~~~~~~~~
../../../src/af/util/xp/ut_assert.h:108:48: note: in definition of macro 'UT_return_val_if_fail'
  108 | #define UT_return_val_if_fail(cond, val) if (!(cond)) { UT_ASSERT(cond); return (val); }
      |                                                ^~~~
gtk/ap_UnixDialog_Lists.cpp: In member function 'virtual GtkWidget* AP_UnixDialog_Lists::_constructWindow()':
gtk/ap_UnixDialog_Lists.cpp:746:55: warning: 'GtkWidget* gtk_dialog_get_content_area(GtkDialog*)' is deprecated [-Wdeprecated-declarations]
  746 |         GtkWidget * vbox = gtk_dialog_get_content_area(GTK_DIALOG(m_windowMain));
      |                            ~~~~~~~~~~~~~~~~~~~~~~~~~~~^~~~~~~~~~~~~~~~~~~~~~~~~~
In file included from /usr/include/gtk-4.0/gtk/deprecated/gtkappchooserdialog.h:31,
                 from /usr/include/gtk-4.0/gtk/gtk.h:43,
                 from gtk/ap_UnixDialog_Lists.cpp:21:
/usr/include/gtk-4.0/gtk/deprecated/gtkdialog.h:172:13: note: declared here
  172 | GtkWidget * gtk_dialog_get_content_area (GtkDialog *dialog);
      |             ^~~~~~~~~~~~~~~~~~~~~~~~~~~
gtk/ap_UnixDialog_MarkRevisions.cpp: In member function 'virtual GtkWidget* AP_UnixDialog_MarkRevisions::constructWindow()':
gtk/ap_UnixDialog_MarkRevisions.cpp:99:45: warning: 'GtkWidget* gtk_dialog_get_content_area(GtkDialog*)' is deprecated [-Wdeprecated-declarations]
   99 |   dialog_vbox1 = gtk_dialog_get_content_area(GTK_DIALOG (dialog1));
      |                  ~~~~~~~~~~~~~~~~~~~~~~~~~~~^~~~~~~~~~~~~~~~~~~~~~
In file included from /usr/include/gtk-4.0/gtk/deprecated/gtkappchooserdialog.h:31,
                 from /usr/include/gtk-4.0/gtk/gtk.h:43,
                 from ../../../src/af/xap/gtk/xap_UnixDialogHelper.h:23,
                 from gtk/ap_UnixDialog_MarkRevisions.cpp:30:
/usr/include/gtk-4.0/gtk/deprecated/gtkdialog.h:172:13: note: declared here
  172 | GtkWidget * gtk_dialog_get_content_area (GtkDialog *dialog);
      |             ^~~~~~~~~~~~~~~~~~~~~~~~~~~
  CXX      gtk/ap_UnixDialog_New.lo
  CXX      gtk/ap_UnixDialog_Options.lo
gtk/ap_UnixDialog_MergeCells.cpp: In member function 'virtual GtkWidget* AP_UnixDialog_MergeCells::_constructWindow()':
gtk/ap_UnixDialog_MergeCells.cpp:184:47: warning: 'GtkWidget* gtk_dialog_get_content_area(GtkDialog*)' is deprecated [-Wdeprecated-declarations]
  184 |         vboxMain = gtk_dialog_get_content_area(GTK_DIALOG(windowMergeCells));
      |                    ~~~~~~~~~~~~~~~~~~~~~~~~~~~^~~~~~~~~~~~~~~~~~~~~~~~~~~~~~
In file included from /usr/include/gtk-4.0/gtk/deprecated/gtkappchooserdialog.h:31,
                 from /usr/include/gtk-4.0/gtk/gtk.h:43,
                 from ../../../src/af/xap/gtk/xap_UnixDialogHelper.h:23,
                 from gtk/ap_UnixDialog_MergeCells.cpp:31:
/usr/include/gtk-4.0/gtk/deprecated/gtkdialog.h:172:13: note: declared here
  172 | GtkWidget * gtk_dialog_get_content_area (GtkDialog *dialog);
      |             ^~~~~~~~~~~~~~~~~~~~~~~~~~~
  CXX      gtk/ap_UnixDialog_PageNumbers.lo
  CXX      gtk/ap_UnixDialog_PageSetup.lo
gtk/ap_UnixDialog_New.cpp: In member function 'void AP_UnixDialog_New::event_ToggleOpenExisting()':
gtk/ap_UnixDialog_New.cpp:183:37: warning: 'void gtk_dialog_response(GtkDialog*, int)' is deprecated [-Wdeprecated-declarations]
  183 |                 gtk_dialog_response (GTK_DIALOG (m_mainWindow), GTK_RESPONSE_OK);
      |                 ~~~~~~~~~~~~~~~~~~~~^~~~~~~~~~~~~~~~~~~~~~~~~~~~~~~~~~~~~~~~~~~~
In file included from /usr/include/gtk-4.0/gtk/deprecated/gtkappchooserdialog.h:31,
                 from /usr/include/gtk-4.0/gtk/gtk.h:43,
                 from ../../../src/af/xap/gtk/xap_UnixDialogHelper.h:23,
                 from gtk/ap_UnixDialog_New.cpp:36:
/usr/include/gtk-4.0/gtk/deprecated/gtkdialog.h:168:6: note: declared here
  168 | void gtk_dialog_response           (GtkDialog *dialog,
      |      ^~~~~~~~~~~~~~~~~~~
gtk/ap_UnixDialog_New.cpp: In static member function 'static void AP_UnixDialog_New::s_template_dblclicked(GtkListView*, guint, AP_UnixDialog_New*)':
gtk/ap_UnixDialog_New.cpp:281:29: warning: 'void gtk_dialog_response(GtkDialog*, int)' is deprecated [-Wdeprecated-declarations]
  281 |         gtk_dialog_response (GTK_DIALOG(me->m_mainWindow), GTK_RESPONSE_OK);
      |         ~~~~~~~~~~~~~~~~~~~~^~~~~~~~~~~~~~~~~~~~~~~~~~~~~~~~~~~~~~~~~~~~~~~
/usr/include/gtk-4.0/gtk/deprecated/gtkdialog.h:168:6: note: declared here
  168 | void gtk_dialog_response           (GtkDialog *dialog,
      |      ^~~~~~~~~~~~~~~~~~~
gtk/ap_UnixDialog_Options.cpp: In member function 'void AP_UnixDialog_Options::event_ChooseTransparentColor()':
gtk/ap_UnixDialog_Options.cpp:175:31: warning: 'void gtk_color_chooser_set_rgba(GtkColorChooser*, const GdkRGBA*)' is deprecated [-Wdeprecated-declarations]
  175 |     gtk_color_chooser_set_rgba(GTK_COLOR_CHOOSER(colorsel), gcolor);
      |     ~~~~~~~~~~~~~~~~~~~~~~~~~~^~~~~~~~~~~~~~~~~~~~~~~~~~~~~~~~~~~~~
In file included from /usr/include/gtk-4.0/gtk/gtk.h:83,
                 from ../../../src/af/xap/gtk/xap_UnixDialogHelper.h:23,
                 from gtk/ap_UnixDialog_Options.cpp:38:
/usr/include/gtk-4.0/gtk/deprecated/gtkcolorchooser.h:69:10: note: declared here
   69 | void     gtk_color_chooser_set_rgba       (GtkColorChooser *chooser,
      |          ^~~~~~~~~~~~~~~~~~~~~~~~~~
gtk/ap_UnixDialog_Options.cpp:188:35: warning: 'void gtk_color_chooser_set_rgba(GtkColorChooser*, const GdkRGBA*)' is deprecated [-Wdeprecated-declarations]
  188 |         gtk_color_chooser_set_rgba(GTK_COLOR_CHOOSER(colorsel), gcolor);
      |         ~~~~~~~~~~~~~~~~~~~~~~~~~~^~~~~~~~~~~~~~~~~~~~~~~~~~~~~~~~~~~~~
/usr/include/gtk-4.0/gtk/deprecated/gtkcolorchooser.h:69:10: note: declared here
   69 | void     gtk_color_chooser_set_rgba       (GtkColorChooser *chooser,
      |          ^~~~~~~~~~~~~~~~~~~~~~~~~~
gtk/ap_UnixDialog_Options.cpp:193:31: warning: 'void gtk_color_chooser_get_rgba(GtkColorChooser*, GdkRGBA*)' is deprecated [-Wdeprecated-declarations]
  193 |     gtk_color_chooser_get_rgba(GTK_COLOR_CHOOSER(colorsel), &cc);
      |     ~~~~~~~~~~~~~~~~~~~~~~~~~~^~~~~~~~~~~~~~~~~~~~~~~~~~~~~~~~~~
/usr/include/gtk-4.0/gtk/deprecated/gtkcolorchooser.h:66:10: note: declared here
   66 | void     gtk_color_chooser_get_rgba       (GtkColorChooser *chooser,
      |          ^~~~~~~~~~~~~~~~~~~~~~~~~~
  CXX      gtk/ap_UnixDialog_Paragraph.lo
  CXX      gtk/ap_UnixDialog_Replace.lo
In file included from gtk/ap_UnixDialog_PageNumbers.cpp:26:
../../../src/af/gr/xp/gr_RenderInfo.h: In member function 'UT_uint32 GR_Itemization::getNthLength(UT_sint32)':
../../../src/af/gr/xp/gr_RenderInfo.h:143:75: warning: comparison of integer expressions of different signedness: 'UT_sint32' {aka 'int'} and 'std::vector<int>::size_type' {aka 'long unsigned int'} [-Wsign-compare]
  143 |                                                   UT_return_val_if_fail(i < m_vOffsets.size()-1, 0);
      |                                                                         ~~^~~~~~~~~~~~~~~~~~~~~
../../../src/af/util/xp/ut_assert.h:108:48: note: in definition of macro 'UT_return_val_if_fail'
  108 | #define UT_return_val_if_fail(cond, val) if (!(cond)) { UT_ASSERT(cond); return (val); }
      |                                                ^~~~
gtk/ap_UnixDialog_PageNumbers.cpp: In member function 'virtual void AP_UnixDialog_PageNumbers::runModal(XAP_Frame*)':
gtk/ap_UnixDialog_PageNumbers.cpp:150:34: warning: 'void gtk_widget_get_allocation(GtkWidget*, GtkAllocation*)' is deprecated: Use 'gtk_widget_compute_bounds' instead [-Wdeprecated-declarations]
  150 |         gtk_widget_get_allocation(m_previewArea, &allocation);
      |         ~~~~~~~~~~~~~~~~~~~~~~~~~^~~~~~~~~~~~~~~~~~~~~~~~~~~~
In file included from /usr/include/gtk-4.0/gtk/gtkapplication.h:26,
                 from /usr/include/gtk-4.0/gtk/gtkwindow.h:32,
                 from /usr/include/gtk-4.0/gtk/gtkaboutdialog.h:29,
                 from /usr/include/gtk-4.0/gtk/gtk.h:33,
                 from ../../../src/af/xap/gtk/xap_UnixDialogHelper.h:23,
                 from gtk/ap_UnixDialog_PageNumbers.cpp:28:
/usr/include/gtk-4.0/gtk/gtkwidget.h:479:23: note: declared here
  479 | void                  gtk_widget_get_allocation         (GtkWidget     *widget,
      |                       ^~~~~~~~~~~~~~~~~~~~~~~~~
gtk/ap_UnixDialog_PageNumbers.cpp: In member function 'virtual GtkWidget* AP_UnixDialog_PageNumbers::_constructWindow()':
gtk/ap_UnixDialog_PageNumbers.cpp:249:1: warning: zero as null pointer constant [-Wzero-as-null-pointer-constant]
  249 | }
      | ^
gtk/ap_UnixDialog_PageNumbers.cpp:249:1: warning: zero as null pointer constant [-Wzero-as-null-pointer-constant]
  CXX      gtk/ap_UnixDialog_SignatureLine.lo
  CXX      gtk/ap_UnixDialog_SplitCells.lo
In file included from gtk/ap_UnixDialog_Paragraph.cpp:35:
../../../src/af/gr/xp/gr_RenderInfo.h: In member function 'UT_uint32 GR_Itemization::getNthLength(UT_sint32)':
../../../src/af/gr/xp/gr_RenderInfo.h:143:75: warning: comparison of integer expressions of different signedness: 'UT_sint32' {aka 'int'} and 'std::vector<int>::size_type' {aka 'long unsigned int'} [-Wsign-compare]
  143 |                                                   UT_return_val_if_fail(i < m_vOffsets.size()-1, 0);
      |                                                                         ~~^~~~~~~~~~~~~~~~~~~~~
../../../src/af/util/xp/ut_assert.h:108:48: note: in definition of macro 'UT_return_val_if_fail'
  108 | #define UT_return_val_if_fail(cond, val) if (!(cond)) { UT_ASSERT(cond); return (val); }
      |                                                ^~~~
gtk/ap_UnixDialog_Paragraph.cpp: In member function 'virtual void AP_UnixDialog_Paragraph::runModal(XAP_Frame*)':
gtk/ap_UnixDialog_Paragraph.cpp:169:42: warning: 'void gtk_widget_get_allocation(GtkWidget*, GtkAllocation*)' is deprecated: Use 'gtk_widget_compute_bounds' instead [-Wdeprecated-declarations]
  169 |                 gtk_widget_get_allocation(m_drawingareaPreview, &allocation);
      |                 ~~~~~~~~~~~~~~~~~~~~~~~~~^~~~~~~~~~~~~~~~~~~~~~~~~~~~~~~~~~~
In file included from /usr/include/gtk-4.0/gtk/gtkapplication.h:26,
                 from /usr/include/gtk-4.0/gtk/gtkwindow.h:32,
                 from /usr/include/gtk-4.0/gtk/gtkaboutdialog.h:29,
                 from /usr/include/gtk-4.0/gtk/gtk.h:33,
                 from ../../../src/af/xap/gtk/xap_UnixDialogHelper.h:23,
                 from gtk/ap_UnixDialog_Paragraph.cpp:40:
/usr/include/gtk-4.0/gtk/gtkwidget.h:479:23: note: declared here
  479 | void                  gtk_widget_get_allocation         (GtkWidget     *widget,
      |                       ^~~~~~~~~~~~~~~~~~~~~~~~~
gtk/ap_UnixDialog_Paragraph.cpp: In member function 'virtual GtkWidget* AP_UnixDialog_Paragraph::_constructWindow()':
gtk/ap_UnixDialog_Paragraph.cpp:313:47: warning: 'GtkWidget* gtk_dialog_get_content_area(GtkDialog*)' is deprecated [-Wdeprecated-declarations]
  313 |         vboxMain = gtk_dialog_get_content_area(GTK_DIALOG(windowParagraph));
      |                    ~~~~~~~~~~~~~~~~~~~~~~~~~~~^~~~~~~~~~~~~~~~~~~~~~~~~~~~~
In file included from /usr/include/gtk-4.0/gtk/deprecated/gtkappchooserdialog.h:31,
                 from /usr/include/gtk-4.0/gtk/gtk.h:43:
/usr/include/gtk-4.0/gtk/deprecated/gtkdialog.h:172:13: note: declared here
  172 | GtkWidget * gtk_dialog_get_content_area (GtkDialog *dialog);
      |             ^~~~~~~~~~~~~~~~~~~~~~~~~~~
gtk/ap_UnixDialog_Paragraph.cpp: In member function 'GtkWidget* AP_UnixDialog_Paragraph::_constructWindowContents(GtkWidget*)':
gtk/ap_UnixDialog_Paragraph.cpp:773:1: warning: zero as null pointer constant [-Wzero-as-null-pointer-constant]
  773 | }
      | ^
gtk/ap_UnixDialog_Replace.cpp: In member function 'GtkWidget* AP_UnixDialog_Replace::_constructWindow()':
gtk/ap_UnixDialog_Replace.cpp:342:58: warning: 'GtkWidget* gtk_dialog_get_content_area(GtkDialog*)' is deprecated [-Wdeprecated-declarations]
  342 |         GtkWidget * content = gtk_dialog_get_content_area(GTK_DIALOG(m_windowMain));
      |                               ~~~~~~~~~~~~~~~~~~~~~~~~~~~^~~~~~~~~~~~~~~~~~~~~~~~~~
In file included from /usr/include/gtk-4.0/gtk/deprecated/gtkappchooserdialog.h:31,
                 from /usr/include/gtk-4.0/gtk/gtk.h:43,
                 from ../../../src/af/xap/gtk/xap_UnixDialogHelper.h:23,
                 from gtk/ap_UnixDialog_Replace.cpp:32:
/usr/include/gtk-4.0/gtk/deprecated/gtkdialog.h:172:13: note: declared here
  172 | GtkWidget * gtk_dialog_get_content_area (GtkDialog *dialog);
      |             ^~~~~~~~~~~~~~~~~~~~~~~~~~~
gtk/ap_UnixDialog_Replace.cpp: In member function 'void AP_UnixDialog_Replace::_updateList(GtkListBox*, GtkWidget*, std::vector<unsigned int*>*)':
gtk/ap_UnixDialog_Replace.cpp:539:33: warning: comparison of integer expressions of different signedness: 'UT_sint32' {aka 'int'} and 'std::vector<unsigned int*>::size_type' {aka 'long unsigned int'} [-Wsign-compare]
  539 |         for (UT_sint32 i = 0; i < list->size(); i++)
      |                               ~~^~~~~~~~~~~~~~
  CXX      gtk/ap_UnixDialog_Styles.lo
  CXX      gtk/ap_UnixDialog_Stylist.lo
gtk/ap_UnixDialog_SignatureLine.cpp: In member function 'virtual GtkWidget* AP_UnixDialog_SignatureLine::_constructWindow()':
gtk/ap_UnixDialog_SignatureLine.cpp:178:58: warning: 'GtkWidget* gtk_dialog_get_content_area(GtkDialog*)' is deprecated [-Wdeprecated-declarations]
  178 |         xap_gtk_container_add(gtk_dialog_get_content_area(GTK_DIALOG(m_windowMain)),
      |                               ~~~~~~~~~~~~~~~~~~~~~~~~~~~^~~~~~~~~~~~~~~~~~~~~~~~~~
In file included from /usr/include/gtk-4.0/gtk/deprecated/gtkappchooserdialog.h:31,
                 from /usr/include/gtk-4.0/gtk/gtk.h:43,
                 from ../../../src/af/xap/gtk/xap_UnixDialogHelper.h:23,
                 from gtk/ap_UnixDialog_SignatureLine.cpp:26:
/usr/include/gtk-4.0/gtk/deprecated/gtkdialog.h:172:13: note: declared here
  172 | GtkWidget * gtk_dialog_get_content_area (GtkDialog *dialog);
      |             ^~~~~~~~~~~~~~~~~~~~~~~~~~~
gtk/ap_UnixDialog_SplitCells.cpp: In member function 'virtual GtkWidget* AP_UnixDialog_SplitCells::_constructWindow()':
gtk/ap_UnixDialog_SplitCells.cpp:223:47: warning: 'GtkWidget* gtk_dialog_get_content_area(GtkDialog*)' is deprecated [-Wdeprecated-declarations]
  223 |         vboxMain = gtk_dialog_get_content_area(GTK_DIALOG(windowSplitCells));
      |                    ~~~~~~~~~~~~~~~~~~~~~~~~~~~^~~~~~~~~~~~~~~~~~~~~~~~~~~~~~
In file included from /usr/include/gtk-4.0/gtk/deprecated/gtkappchooserdialog.h:31,
                 from /usr/include/gtk-4.0/gtk/gtk.h:43,
                 from ../../../src/af/xap/gtk/xap_UnixDialogHelper.h:23,
                 from gtk/ap_UnixDialog_SplitCells.cpp:31:
/usr/include/gtk-4.0/gtk/deprecated/gtkdialog.h:172:13: note: declared here
  172 | GtkWidget * gtk_dialog_get_content_area (GtkDialog *dialog);
      |             ^~~~~~~~~~~~~~~~~~~~~~~~~~~
  CXX      gtk/ap_UnixDialog_ToggleCase.lo
  CXX      gtk/ap_UnixDialog_WordCount.lo
In file included from gtk/ap_UnixDialog_Styles.cpp:26:
../../../src/af/gr/xp/gr_RenderInfo.h: In member function 'UT_uint32 GR_Itemization::getNthLength(UT_sint32)':
../../../src/af/gr/xp/gr_RenderInfo.h:143:75: warning: comparison of integer expressions of different signedness: 'UT_sint32' {aka 'int'} and 'std::vector<int>::size_type' {aka 'long unsigned int'} [-Wsign-compare]
  143 |                                                   UT_return_val_if_fail(i < m_vOffsets.size()-1, 0);
      |                                                                         ~~^~~~~~~~~~~~~~~~~~~~~
../../../src/af/util/xp/ut_assert.h:108:48: note: in definition of macro 'UT_return_val_if_fail'
  108 | #define UT_return_val_if_fail(cond, val) if (!(cond)) { UT_ASSERT(cond); return (val); }
      |                                                ^~~~
gtk/ap_UnixDialog_Styles.cpp: In member function 'virtual void AP_UnixDialog_Styles::runModal(XAP_Frame*)':
gtk/ap_UnixDialog_Styles.cpp:307:34: warning: 'void gtk_widget_get_allocation(GtkWidget*, GtkAllocation*)' is deprecated: Use 'gtk_widget_compute_bounds' instead [-Wdeprecated-declarations]
  307 |         gtk_widget_get_allocation(m_wParaPreviewArea, &allocation);
      |         ~~~~~~~~~~~~~~~~~~~~~~~~~^~~~~~~~~~~~~~~~~~~~~~~~~~~~~~~~~
In file included from /usr/include/gtk-4.0/gtk/gtkapplication.h:26,
                 from /usr/include/gtk-4.0/gtk/gtkwindow.h:32,
                 from /usr/include/gtk-4.0/gtk/gtkaboutdialog.h:29,
                 from /usr/include/gtk-4.0/gtk/gtk.h:33,
                 from ../../../src/af/xap/gtk/xap_UnixDialogHelper.h:23,
                 from gtk/ap_UnixDialog_Styles.cpp:28:
/usr/include/gtk-4.0/gtk/gtkwidget.h:479:23: note: declared here
  479 | void                  gtk_widget_get_allocation         (GtkWidget     *widget,
      |                       ^~~~~~~~~~~~~~~~~~~~~~~~~
gtk/ap_UnixDialog_Styles.cpp:325:34: warning: 'void gtk_widget_get_allocation(GtkWidget*, GtkAllocation*)' is deprecated: Use 'gtk_widget_compute_bounds' instead [-Wdeprecated-declarations]
  325 |         gtk_widget_get_allocation(m_wCharPreviewArea, &allocation);
      |         ~~~~~~~~~~~~~~~~~~~~~~~~~^~~~~~~~~~~~~~~~~~~~~~~~~~~~~~~~~
/usr/include/gtk-4.0/gtk/gtkwidget.h:479:23: note: declared here
  479 | void                  gtk_widget_get_allocation         (GtkWidget     *widget,
      |                       ^~~~~~~~~~~~~~~~~~~~~~~~~
gtk/ap_UnixDialog_Styles.cpp: In member function 'virtual GtkWidget* AP_UnixDialog_Styles::_constructModifyDialog()':
gtk/ap_UnixDialog_Styles.cpp:776:67: warning: 'GtkWidget* gtk_dialog_get_content_area(GtkDialog*)' is deprecated [-Wdeprecated-declarations]
  776 |         _constructModifyDialogContents(gtk_dialog_get_content_area(GTK_DIALOG (modifyDialog)));
      |                                        ~~~~~~~~~~~~~~~~~~~~~~~~~~~^~~~~~~~~~~~~~~~~~~~~~~~~~~
In file included from /usr/include/gtk-4.0/gtk/deprecated/gtkappchooserdialog.h:31,
                 from /usr/include/gtk-4.0/gtk/gtk.h:43:
/usr/include/gtk-4.0/gtk/deprecated/gtkdialog.h:172:13: note: declared here
  172 | GtkWidget * gtk_dialog_get_content_area (GtkDialog *dialog);
      |             ^~~~~~~~~~~~~~~~~~~~~~~~~~~
gtk/ap_UnixDialog_Styles.cpp: In member function 'void AP_UnixDialog_Styles::modifyRunModal()':
gtk/ap_UnixDialog_Styles.cpp:1304:34: warning: 'void gtk_widget_get_allocation(GtkWidget*, GtkAllocation*)' is deprecated: Use 'gtk_widget_compute_bounds' instead [-Wdeprecated-declarations]
 1304 |         gtk_widget_get_allocation(m_wModifyDrawingArea, &allocation);
      |         ~~~~~~~~~~~~~~~~~~~~~~~~~^~~~~~~~~~~~~~~~~~~~~~~~~~~~~~~~~~~
/usr/include/gtk-4.0/gtk/gtkwidget.h:479:23: note: declared here
  479 | void                  gtk_widget_get_allocation         (GtkWidget     *widget,
      |                       ^~~~~~~~~~~~~~~~~~~~~~~~~
  CXX      gtk/ap_UnixDialog_RDFQuery.lo
gtk/ap_UnixDialog_ToggleCase.cpp: In member function 'virtual GtkWidget* AP_UnixDialog_ToggleCase::_constructWindow()':
gtk/ap_UnixDialog_ToggleCase.cpp:94:53: warning: 'GtkWidget* gtk_dialog_get_content_area(GtkDialog*)' is deprecated [-Wdeprecated-declarations]
   94 |   xap_gtk_container_add (gtk_dialog_get_content_area(GTK_DIALOG(windowMain)), vbox);
      |                          ~~~~~~~~~~~~~~~~~~~~~~~~~~~^~~~~~~~~~~~~~~~~~~~~~~~
In file included from /usr/include/gtk-4.0/gtk/deprecated/gtkappchooserdialog.h:31,
                 from /usr/include/gtk-4.0/gtk/gtk.h:43,
                 from ../../../src/af/xap/gtk/xap_UnixDialogHelper.h:23,
                 from gtk/ap_UnixDialog_ToggleCase.cpp:30:
/usr/include/gtk-4.0/gtk/deprecated/gtkdialog.h:172:13: note: declared here
  172 | GtkWidget * gtk_dialog_get_content_area (GtkDialog *dialog);
      |             ^~~~~~~~~~~~~~~~~~~~~~~~~~~
gtk/ap_UnixDialog_ToggleCase.cpp: In member function 'virtual void AP_UnixDialog_ToggleCase::_constructWindowContents(GtkWidget*)':
gtk/ap_UnixDialog_ToggleCase.cpp:162:1: warning: zero as null pointer constant [-Wzero-as-null-pointer-constant]
  162 | }
      | ^
  CXX      gtk/ap_UnixDialog_RDFEditor.lo
  CXX      gtk/ap_UnixFrame.lo
  CXX      gtk/ap_UnixFrameImpl.lo
  CXX      gtk/ap_UnixLeftRuler.lo
In file included from gtk/ap_UnixFrame.cpp:33:
../../../src/af/gr/xp/gr_RenderInfo.h: In member function 'UT_uint32 GR_Itemization::getNthLength(UT_sint32)':
../../../src/af/gr/xp/gr_RenderInfo.h:143:75: warning: comparison of integer expressions of different signedness: 'UT_sint32' {aka 'int'} and 'std::vector<int>::size_type' {aka 'long unsigned int'} [-Wsign-compare]
  143 |                                                   UT_return_val_if_fail(i < m_vOffsets.size()-1, 0);
      |                                                                         ~~^~~~~~~~~~~~~~~~~~~~~
../../../src/af/util/xp/ut_assert.h:108:48: note: in definition of macro 'UT_return_val_if_fail'
  108 | #define UT_return_val_if_fail(cond, val) if (!(cond)) { UT_ASSERT(cond); return (val); }
      |                                                ^~~~
gtk/ap_UnixFrame.cpp: In member function 'virtual void AP_UnixFrame::setXScrollRange()':
gtk/ap_UnixFrame.cpp:83:34: warning: 'void gtk_widget_get_allocation(GtkWidget*, GtkAllocation*)' is deprecated: Use 'gtk_widget_compute_bounds' instead [-Wdeprecated-declarations]
   83 |         gtk_widget_get_allocation(GTK_WIDGET(pFrameImpl->m_dArea),&allocation);
      |         ~~~~~~~~~~~~~~~~~~~~~~~~~^~~~~~~~~~~~~~~~~~~~~~~~~~~~~~~~~~~~~~~~~~~~~
In file included from /usr/include/gtk-4.0/gtk/gtkapplication.h:26,
                 from /usr/include/gtk-4.0/gtk/gtkwindow.h:32,
                 from /usr/include/gtk-4.0/gtk/gtkaboutdialog.h:29,
                 from /usr/include/gtk-4.0/gtk/gtk.h:33,
                 from gtk/ap_UnixFrame.cpp:27:
/usr/include/gtk-4.0/gtk/gtkwidget.h:479:23: note: declared here
  479 | void                  gtk_widget_get_allocation         (GtkWidget     *widget,
      |                       ^~~~~~~~~~~~~~~~~~~~~~~~~
gtk/ap_UnixFrame.cpp: In member function 'virtual void AP_UnixFrame::setYScrollRange()':
gtk/ap_UnixFrame.cpp:128:34: warning: 'void gtk_widget_get_allocation(GtkWidget*, GtkAllocation*)' is deprecated: Use 'gtk_widget_compute_bounds' instead [-Wdeprecated-declarations]
  128 |         gtk_widget_get_allocation(GTK_WIDGET(pFrameImpl->m_dArea),&allocation);
      |         ~~~~~~~~~~~~~~~~~~~~~~~~~^~~~~~~~~~~~~~~~~~~~~~~~~~~~~~~~~~~~~~~~~~~~~
/usr/include/gtk-4.0/gtk/gtkwidget.h:479:23: note: declared here
  479 | void                  gtk_widget_get_allocation         (GtkWidget     *widget,
      |                       ^~~~~~~~~~~~~~~~~~~~~~~~~
gtk/ap_UnixFrame.cpp: In member function 'virtual UT_sint32 AP_UnixFrame::_getDocumentAreaWidth()':
gtk/ap_UnixFrame.cpp:667:34: warning: 'void gtk_widget_get_allocation(GtkWidget*, GtkAllocation*)' is deprecated: Use 'gtk_widget_compute_bounds' instead [-Wdeprecated-declarations]
  667 |         gtk_widget_get_allocation(GTK_WIDGET(static_cast<AP_UnixFrameImpl *>(getFrameImpl())->m_dArea), &allocation);
      |         ~~~~~~~~~~~~~~~~~~~~~~~~~^~~~~~~~~~~~~~~~~~~~~~~~~~~~~~~~~~~~~~~~~~~~~~~~~~~~~~~~~~~~~~~~~~~~~~~~~~~~~~~~~~~
/usr/include/gtk-4.0/gtk/gtkwidget.h:479:23: note: declared here
  479 | void                  gtk_widget_get_allocation         (GtkWidget     *widget,
      |                       ^~~~~~~~~~~~~~~~~~~~~~~~~
gtk/ap_UnixFrame.cpp: In member function 'virtual UT_sint32 AP_UnixFrame::_getDocumentAreaHeight()':
gtk/ap_UnixFrame.cpp:674:34: warning: 'void gtk_widget_get_allocation(GtkWidget*, GtkAllocation*)' is deprecated: Use 'gtk_widget_compute_bounds' instead [-Wdeprecated-declarations]
  674 |         gtk_widget_get_allocation(GTK_WIDGET(static_cast<AP_UnixFrameImpl *>(getFrameImpl())->m_dArea), &allocation);
      |         ~~~~~~~~~~~~~~~~~~~~~~~~~^~~~~~~~~~~~~~~~~~~~~~~~~~~~~~~~~~~~~~~~~~~~~~~~~~~~~~~~~~~~~~~~~~~~~~~~~~~~~~~~~~~
/usr/include/gtk-4.0/gtk/gtkwidget.h:479:23: note: declared here
  479 | void                  gtk_widget_get_allocation         (GtkWidget     *widget,
      |                       ^~~~~~~~~~~~~~~~~~~~~~~~~
gtk/ap_UnixFrame.cpp: In member function 'virtual UT_sint32 AP_UnixFrame::getDocumentAreaXoff()':
gtk/ap_UnixFrame.cpp:682:34: warning: 'void gtk_widget_get_allocation(GtkWidget*, GtkAllocation*)' is deprecated: Use 'gtk_widget_compute_bounds' instead [-Wdeprecated-declarations]
  682 |         gtk_widget_get_allocation(GTK_WIDGET(static_cast<AP_UnixFrameImpl *>(getFrameImpl())->m_dArea), &allocation);
      |         ~~~~~~~~~~~~~~~~~~~~~~~~~^~~~~~~~~~~~~~~~~~~~~~~~~~~~~~~~~~~~~~~~~~~~~~~~~~~~~~~~~~~~~~~~~~~~~~~~~~~~~~~~~~~
/usr/include/gtk-4.0/gtk/gtkwidget.h:479:23: note: declared here
  479 | void                  gtk_widget_get_allocation         (GtkWidget     *widget,
      |                       ^~~~~~~~~~~~~~~~~~~~~~~~~
gtk/ap_UnixFrame.cpp: In member function 'virtual UT_sint32 AP_UnixFrame::getDocumentAreaYoff()':
gtk/ap_UnixFrame.cpp:689:34: warning: 'void gtk_widget_get_allocation(GtkWidget*, GtkAllocation*)' is deprecated: Use 'gtk_widget_compute_bounds' instead [-Wdeprecated-declarations]
  689 |         gtk_widget_get_allocation(GTK_WIDGET(static_cast<AP_UnixFrameImpl *>(getFrameImpl())->m_dArea), &allocation);
      |         ~~~~~~~~~~~~~~~~~~~~~~~~~^~~~~~~~~~~~~~~~~~~~~~~~~~~~~~~~~~~~~~~~~~~~~~~~~~~~~~~~~~~~~~~~~~~~~~~~~~~~~~~~~~~
/usr/include/gtk-4.0/gtk/gtkwidget.h:479:23: note: declared here
  479 | void                  gtk_widget_get_allocation         (GtkWidget     *widget,
      |                       ^~~~~~~~~~~~~~~~~~~~~~~~~
In file included from ../../../src/af/util/xp/ut_stringbuf.h:33,
                 from ../../../src/af/util/xp/ut_string_class.h:43,
                 from ../../../src/af/xap/xp/xap_Frame.h:27,
                 from gtk/ap_UnixFrameImpl.h:24,
                 from gtk/ap_UnixFrameImpl.cpp:33:
../../../src/af/gr/xp/gr_RenderInfo.h: In member function 'UT_uint32 GR_Itemization::getNthLength(UT_sint32)':
../../../src/af/gr/xp/gr_RenderInfo.h:143:75: warning: comparison of integer expressions of different signedness: 'UT_sint32' {aka 'int'} and 'std::vector<int>::size_type' {aka 'long unsigned int'} [-Wsign-compare]
  143 |                                                   UT_return_val_if_fail(i < m_vOffsets.size()-1, 0);
      |                                                                         ~~^~~~~~~~~~~~~~~~~~~~~
../../../src/af/util/xp/ut_assert.h:108:48: note: in definition of macro 'UT_return_val_if_fail'
  108 | #define UT_return_val_if_fail(cond, val) if (!(cond)) { UT_ASSERT(cond); return (val); }
      |                                                ^~~~
gtk/ap_UnixFrameImpl.cpp: In function 'gboolean s_panedPositionIdle(gpointer)':
gtk/ap_UnixFrameImpl.cpp:489:34: warning: 'void gtk_widget_get_allocation(GtkWidget*, GtkAllocation*)' is deprecated: Use 'gtk_widget_compute_bounds' instead [-Wdeprecated-declarations]
  489 |         gtk_widget_get_allocation(w, &alloc);
      |         ~~~~~~~~~~~~~~~~~~~~~~~~~^~~~~~~~~~~
In file included from /usr/include/gtk-4.0/gtk/gtkapplication.h:26,
                 from /usr/include/gtk-4.0/gtk/gtkwindow.h:32,
                 from /usr/include/gtk-4.0/gtk/gtkaboutdialog.h:29,
                 from /usr/include/gtk-4.0/gtk/gtk.h:33,
                 from gtk/ap_UnixFrameImpl.cpp:23:
/usr/include/gtk-4.0/gtk/gtkwidget.h:479:23: note: declared here
  479 | void                  gtk_widget_get_allocation         (GtkWidget     *widget,
      |                       ^~~~~~~~~~~~~~~~~~~~~~~~~
gtk/ap_UnixFrameImpl.cpp: In member function 'virtual void AP_UnixFrameImpl::_postDocDraw(GtkWidget*, cairo_t*, AV_View*)':
gtk/ap_UnixFrameImpl.cpp:742:34: warning: 'void gtk_widget_get_allocation(GtkWidget*, GtkAllocation*)' is deprecated: Use 'gtk_widget_compute_bounds' instead [-Wdeprecated-declarations]
  742 |         gtk_widget_get_allocation(w, &alloc);
      |         ~~~~~~~~~~~~~~~~~~~~~~~~~^~~~~~~~~~~
/usr/include/gtk-4.0/gtk/gtkwidget.h:479:23: note: declared here
  479 | void                  gtk_widget_get_allocation         (GtkWidget     *widget,
      |                       ^~~~~~~~~~~~~~~~~~~~~~~~~
gtk/ap_UnixFrameImpl.cpp: In function 'gboolean s_splitPositionIdle(gpointer)':
gtk/ap_UnixFrameImpl.cpp:896:42: warning: 'void gtk_widget_get_allocation(GtkWidget*, GtkAllocation*)' is deprecated: Use 'gtk_widget_compute_bounds' instead [-Wdeprecated-declarations]
  896 |                 gtk_widget_get_allocation(w, &alloc);
      |                 ~~~~~~~~~~~~~~~~~~~~~~~~~^~~~~~~~~~~
/usr/include/gtk-4.0/gtk/gtkwidget.h:479:23: note: declared here
  479 | void                  gtk_widget_get_allocation         (GtkWidget     *widget,
      |                       ^~~~~~~~~~~~~~~~~~~~~~~~~
gtk/ap_UnixFrameImpl.cpp: In member function 'void AP_UnixFrameImpl::setScrollRange2()':
gtk/ap_UnixFrameImpl.cpp:980:34: warning: 'void gtk_widget_get_allocation(GtkWidget*, GtkAllocation*)' is deprecated: Use 'gtk_widget_compute_bounds' instead [-Wdeprecated-declarations]
  980 |         gtk_widget_get_allocation(m_dArea2, &alloc);
      |         ~~~~~~~~~~~~~~~~~~~~~~~~~^~~~~~~~~~~~~~~~~~
/usr/include/gtk-4.0/gtk/gtkwidget.h:479:23: note: declared here
  479 | void                  gtk_widget_get_allocation         (GtkWidget     *widget,
      |                       ^~~~~~~~~~~~~~~~~~~~~~~~~
  CXX      gtk/ap_UnixPrefs.lo
  CXX      gtk/ap_UnixPreview_Annotation.lo
  CXX      gtk/ap_UnixRibbon.lo
In file included from gtk/ap_UnixLeftRuler.cpp:28:
../../../src/af/gr/xp/gr_RenderInfo.h: In member function 'UT_uint32 GR_Itemization::getNthLength(UT_sint32)':
../../../src/af/gr/xp/gr_RenderInfo.h:143:75: warning: comparison of integer expressions of different signedness: 'UT_sint32' {aka 'int'} and 'std::vector<int>::size_type' {aka 'long unsigned int'} [-Wsign-compare]
  143 |                                                   UT_return_val_if_fail(i < m_vOffsets.size()-1, 0);
      |                                                                         ~~^~~~~~~~~~~~~~~~~~~~~
../../../src/af/util/xp/ut_assert.h:108:48: note: in definition of macro 'UT_return_val_if_fail'
  108 | #define UT_return_val_if_fail(cond, val) if (!(cond)) { UT_ASSERT(cond); return (val); }
      |                                                ^~~~
  CXX      gtk/ap_UnixRuler.lo
In file included from ../../../src/af/util/xp/ut_stringbuf.h:33,
                 from ../../../src/af/util/xp/ut_string_class.h:43,
                 from ../../../src/af/xap/xp/xap_Frame.h:27,
                 from gtk/ap_UnixPreview_Annotation.cpp:21:
../../../src/af/gr/xp/gr_RenderInfo.h: In member function 'UT_uint32 GR_Itemization::getNthLength(UT_sint32)':
../../../src/af/gr/xp/gr_RenderInfo.h:143:75: warning: comparison of integer expressions of different signedness: 'UT_sint32' {aka 'int'} and 'std::vector<int>::size_type' {aka 'long unsigned int'} [-Wsign-compare]
  143 |                                                   UT_return_val_if_fail(i < m_vOffsets.size()-1, 0);
      |                                                                         ~~^~~~~~~~~~~~~~~~~~~~~
../../../src/af/util/xp/ut_assert.h:108:48: note: in definition of macro 'UT_return_val_if_fail'
  108 | #define UT_return_val_if_fail(cond, val) if (!(cond)) { UT_ASSERT(cond); return (val); }
      |                                                ^~~~
  CXX      gtk/ap_UnixCommentsPane.lo
  CXX      gtk/ap_UnixIconsPane.lo
In file included from ../../../src/af/util/xp/ut_vector.h:26,
                 from gtk/ap_UnixRibbon.h:29,
                 from gtk/ap_UnixRibbon.cpp:37:
../../../src/af/gr/xp/gr_RenderInfo.h: In member function 'UT_uint32 GR_Itemization::getNthLength(UT_sint32)':
../../../src/af/gr/xp/gr_RenderInfo.h:143:75: warning: comparison of integer expressions of different signedness: 'UT_sint32' {aka 'int'} and 'std::vector<int>::size_type' {aka 'long unsigned int'} [-Wsign-compare]
  143 |                                                   UT_return_val_if_fail(i < m_vOffsets.size()-1, 0);
      |                                                                         ~~^~~~~~~~~~~~~~~~~~~~~
../../../src/af/util/xp/ut_assert.h:108:48: note: in definition of macro 'UT_return_val_if_fail'
  108 | #define UT_return_val_if_fail(cond, val) if (!(cond)) { UT_ASSERT(cond); return (val); }
      |                                                ^~~~
In file included from ../../../src/af/util/xp/ut_stringbuf.h:33,
                 from ../../../src/af/util/xp/ut_string_class.h:43,
                 from ../../../src/af/gr/xp/gr_Image.h:28,
                 from ../../../src/af/gr/xp/gr_Graphics.h:42,
                 from gtk/ap_UnixRuler.h:25,
                 from gtk/ap_UnixRuler.cpp:23:
../../../src/af/gr/xp/gr_RenderInfo.h: In member function 'UT_uint32 GR_Itemization::getNthLength(UT_sint32)':
../../../src/af/gr/xp/gr_RenderInfo.h:143:75: warning: comparison of integer expressions of different signedness: 'UT_sint32' {aka 'int'} and 'std::vector<int>::size_type' {aka 'long unsigned int'} [-Wsign-compare]
  143 |                                                   UT_return_val_if_fail(i < m_vOffsets.size()-1, 0);
      |                                                                         ~~^~~~~~~~~~~~~~~~~~~~~
../../../src/af/util/xp/ut_assert.h:108:48: note: in definition of macro 'UT_return_val_if_fail'
  108 | #define UT_return_val_if_fail(cond, val) if (!(cond)) { UT_ASSERT(cond); return (val); }
      |                                                ^~~~
gtk/ap_UnixRibbon.cpp: In destructor 'AP_UnixRibbon::~AP_UnixRibbon()':
gtk/ap_UnixRibbon.cpp:300:33: warning: comparison of integer expressions of different signedness: 'UT_sint32' {aka 'int'} and 'std::vector<AP_UnixRibbon::_TbCtx*>::size_type' {aka 'long unsigned int'} [-Wsign-compare]
  300 |         for (UT_sint32 i = 0; i < m_vecTbCtx.size(); ++i)
      |                               ~~^~~~~~~~~~~~~~~~~~~
gtk/ap_UnixRibbon.cpp:321:33: warning: comparison of integer expressions of different signedness: 'UT_sint32' {aka 'int'} and 'std::vector<AP_UnixRibbon::_StyleTile*>::size_type' {aka 'long unsigned int'} [-Wsign-compare]
  321 |         for (UT_sint32 i = 0; i < m_vecStyleTiles.size(); ++i)
      |                               ~~^~~~~~~~~~~~~~~~~~~~~~~~
gtk/ap_UnixRibbon.cpp: In member function 'GtkWidget* AP_UnixRibbon::createWidget()':
gtk/ap_UnixRibbon.cpp:455:40: warning: 'void gtk_css_provider_load_from_data(GtkCssProvider*, const char*, gssize)' is deprecated: Use 'gtk_css_provider_load_from_string' instead [-Wdeprecated-declarations]
  455 |         gtk_css_provider_load_from_data(css, ribbon_css, -1);
      |         ~~~~~~~~~~~~~~~~~~~~~~~~~~~~~~~^~~~~~~~~~~~~~~~~~~~~
In file included from /usr/include/gtk-4.0/gtk/gtk.h:99,
                 from gtk/ap_UnixRibbon.h:24:
/usr/include/gtk-4.0/gtk/gtkcssprovider.h:49:18: note: declared here
   49 | void             gtk_css_provider_load_from_data (GtkCssProvider  *css_provider,
      |                  ^~~~~~~~~~~~~~~~~~~~~~~~~~~~~~~
gtk/ap_UnixRibbon.cpp: In function 'void _slim_widget_tree(GtkWidget*)':
gtk/ap_UnixRibbon.cpp:762:45: warning: 'GtkStyleContext* gtk_widget_get_style_context(GtkWidget*)' is deprecated [-Wdeprecated-declarations]
  762 |                 gtk_widget_get_style_context(w),
      |                 ~~~~~~~~~~~~~~~~~~~~~~~~~~~~^~~
In file included from /usr/include/gtk-4.0/gtk/gtkapplication.h:26,
                 from /usr/include/gtk-4.0/gtk/gtkwindow.h:32,
                 from /usr/include/gtk-4.0/gtk/gtkaboutdialog.h:29,
                 from /usr/include/gtk-4.0/gtk/gtk.h:33:
/usr/include/gtk-4.0/gtk/gtkwidget.h:710:19: note: declared here
  710 | GtkStyleContext * gtk_widget_get_style_context (GtkWidget *widget);
      |                   ^~~~~~~~~~~~~~~~~~~~~~~~~~~~
gtk/ap_UnixRibbon.cpp:761:39: warning: 'void gtk_style_context_add_provider(GtkStyleContext*, GtkStyleProvider*, guint)' is deprecated [-Wdeprecated-declarations]
  761 |         gtk_style_context_add_provider(
      |         ~~~~~~~~~~~~~~~~~~~~~~~~~~~~~~^
  762 |                 gtk_widget_get_style_context(w),
      |                 ~~~~~~~~~~~~~~~~~~~~~~~~~~~~~~~~
  763 |                 GTK_STYLE_PROVIDER(_slimButtonCss()),
      |                 ~~~~~~~~~~~~~~~~~~~~~~~~~~~~~~~~~~~~~
  764 |                 GTK_STYLE_PROVIDER_PRIORITY_USER);
      |                 ~~~~~~~~~~~~~~~~~~~~~~~~~~~~~~~~~
In file included from /usr/include/gtk-4.0/gtk/gtk.h:267:
/usr/include/gtk-4.0/gtk/deprecated/gtkstylecontext.h:64:6: note: declared here
   64 | void gtk_style_context_add_provider    (GtkStyleContext  *context,
      |      ^~~~~~~~~~~~~~~~~~~~~~~~~~~~~~
gtk/ap_UnixRibbon.cpp: In member function 'GtkWidget* AP_UnixRibbon::_makeButton(XAP_Menu_Id, uint8_t)':
gtk/ap_UnixRibbon.cpp:855:69: warning: 'GtkStyleContext* gtk_widget_get_style_context(GtkWidget*)' is deprecated [-Wdeprecated-declarations]
  855 |                                         gtk_widget_get_style_context(btn),
      |                                         ~~~~~~~~~~~~~~~~~~~~~~~~~~~~^~~~~
/usr/include/gtk-4.0/gtk/gtkwidget.h:710:19: note: declared here
  710 | GtkStyleContext * gtk_widget_get_style_context (GtkWidget *widget);
      |                   ^~~~~~~~~~~~~~~~~~~~~~~~~~~~
gtk/ap_UnixRibbon.cpp:854:63: warning: 'void gtk_style_context_add_provider(GtkStyleContext*, GtkStyleProvider*, guint)' is deprecated [-Wdeprecated-declarations]
  854 |                                 gtk_style_context_add_provider(
      |                                 ~~~~~~~~~~~~~~~~~~~~~~~~~~~~~~^
  855 |                                         gtk_widget_get_style_context(btn),
      |                                         ~~~~~~~~~~~~~~~~~~~~~~~~~~~~~~~~~~
  856 |                                         GTK_STYLE_PROVIDER(_slimButtonCss()),
      |                                         ~~~~~~~~~~~~~~~~~~~~~~~~~~~~~~~~~~~~~
  857 |                                         GTK_STYLE_PROVIDER_PRIORITY_USER);
      |                                         ~~~~~~~~~~~~~~~~~~~~~~~~~~~~~~~~~
/usr/include/gtk-4.0/gtk/deprecated/gtkstylecontext.h:64:6: note: declared here
   64 | void gtk_style_context_add_provider    (GtkStyleContext  *context,
      |      ^~~~~~~~~~~~~~~~~~~~~~~~~~~~~~
gtk/ap_UnixRibbon.cpp:963:61: warning: 'GtkStyleContext* gtk_widget_get_style_context(GtkWidget*)' is deprecated [-Wdeprecated-declarations]
  963 |                                 gtk_widget_get_style_context(btn),
      |                                 ~~~~~~~~~~~~~~~~~~~~~~~~~~~~^~~~~
/usr/include/gtk-4.0/gtk/gtkwidget.h:710:19: note: declared here
  710 | GtkStyleContext * gtk_widget_get_style_context (GtkWidget *widget);
      |                   ^~~~~~~~~~~~~~~~~~~~~~~~~~~~
gtk/ap_UnixRibbon.cpp:962:55: warning: 'void gtk_style_context_add_provider(GtkStyleContext*, GtkStyleProvider*, guint)' is deprecated [-Wdeprecated-declarations]
  962 |                         gtk_style_context_add_provider(
      |                         ~~~~~~~~~~~~~~~~~~~~~~~~~~~~~~^
  963 |                                 gtk_widget_get_style_context(btn),
      |                                 ~~~~~~~~~~~~~~~~~~~~~~~~~~~~~~~~~~
  964 |                                 GTK_STYLE_PROVIDER(_slimButtonCss()),
      |                                 ~~~~~~~~~~~~~~~~~~~~~~~~~~~~~~~~~~~~~
  965 |                                 GTK_STYLE_PROVIDER_PRIORITY_USER);
      |                                 ~~~~~~~~~~~~~~~~~~~~~~~~~~~~~~~~~
/usr/include/gtk-4.0/gtk/deprecated/gtkstylecontext.h:64:6: note: declared here
   64 | void gtk_style_context_add_provider    (GtkStyleContext  *context,
      |      ^~~~~~~~~~~~~~~~~~~~~~~~~~~~~~
gtk/ap_UnixRibbon.cpp:1035:53: warning: 'GtkStyleContext* gtk_widget_get_style_context(GtkWidget*)' is deprecated [-Wdeprecated-declarations]
 1035 |                         gtk_widget_get_style_context(btn),
      |                         ~~~~~~~~~~~~~~~~~~~~~~~~~~~~^~~~~
/usr/include/gtk-4.0/gtk/gtkwidget.h:710:19: note: declared here
  710 | GtkStyleContext * gtk_widget_get_style_context (GtkWidget *widget);
      |                   ^~~~~~~~~~~~~~~~~~~~~~~~~~~~
gtk/ap_UnixRibbon.cpp:1034:47: warning: 'void gtk_style_context_add_provider(GtkStyleContext*, GtkStyleProvider*, guint)' is deprecated [-Wdeprecated-declarations]
 1034 |                 gtk_style_context_add_provider(
      |                 ~~~~~~~~~~~~~~~~~~~~~~~~~~~~~~^
 1035 |                         gtk_widget_get_style_context(btn),
      |                         ~~~~~~~~~~~~~~~~~~~~~~~~~~~~~~~~~~
 1036 |                         GTK_STYLE_PROVIDER(_slimButtonCss()),
      |                         ~~~~~~~~~~~~~~~~~~~~~~~~~~~~~~~~~~~~~
 1037 |                         GTK_STYLE_PROVIDER_PRIORITY_USER);
      |                         ~~~~~~~~~~~~~~~~~~~~~~~~~~~~~~~~~
/usr/include/gtk-4.0/gtk/deprecated/gtkstylecontext.h:64:6: note: declared here
   64 | void gtk_style_context_add_provider    (GtkStyleContext  *context,
      |      ^~~~~~~~~~~~~~~~~~~~~~~~~~~~~~
gtk/ap_UnixRibbon.cpp: In static member function 'static void AP_UnixRibbon::_s_tb_color_custom_response(GtkDialog*, gint, gpointer)':
gtk/ap_UnixRibbon.cpp:1326:43: warning: 'void gtk_color_chooser_get_rgba(GtkColorChooser*, GdkRGBA*)' is deprecated [-Wdeprecated-declarations]
 1326 |                 gtk_color_chooser_get_rgba(GTK_COLOR_CHOOSER(dlg), &color);
      |                 ~~~~~~~~~~~~~~~~~~~~~~~~~~^~~~~~~~~~~~~~~~~~~~~~~~~~~~~~~~
In file included from /usr/include/gtk-4.0/gtk/gtk.h:83:
/usr/include/gtk-4.0/gtk/deprecated/gtkcolorchooser.h:66:10: note: declared here
   66 | void     gtk_color_chooser_get_rgba       (GtkColorChooser *chooser,
      |          ^~~~~~~~~~~~~~~~~~~~~~~~~~
gtk/ap_UnixRibbon.cpp: In static member function 'static void AP_UnixRibbon::_s_tb_color_custom_clicked(GtkWidget*, gpointer)':
gtk/ap_UnixRibbon.cpp:1345:55: warning: 'GtkWidget* gtk_color_chooser_dialog_new(const char*, GtkWindow*)' is deprecated [-Wdeprecated-declarations]
 1345 |         GtkWidget * dlg = gtk_color_chooser_dialog_new(
      |                           ~~~~~~~~~~~~~~~~~~~~~~~~~~~~^
 1346 |                 "Custom Color",
      |                 ~~~~~~~~~~~~~~~                        
 1347 |                 toplevel ? GTK_WINDOW(toplevel) : nullptr);
      |                 ~~~~~~~~~~~~~~~~~~~~~~~~~~~~~~~~~~~~~~~~~~
In file included from /usr/include/gtk-4.0/gtk/gtk.h:84:
/usr/include/gtk-4.0/gtk/deprecated/gtkcolorchooserdialog.h:38:13: note: declared here
   38 | GtkWidget * gtk_color_chooser_dialog_new      (const char *title,
      |             ^~~~~~~~~~~~~~~~~~~~~~~~~~~~
gtk/ap_UnixRibbon.cpp:1356:35: warning: 'void gtk_color_chooser_set_rgba(GtkColorChooser*, const GdkRGBA*)' is deprecated [-Wdeprecated-declarations]
 1356 |         gtk_color_chooser_set_rgba(GTK_COLOR_CHOOSER(dlg), &initial);
      |         ~~~~~~~~~~~~~~~~~~~~~~~~~~^~~~~~~~~~~~~~~~~~~~~~~~~~~~~~~~~~
/usr/include/gtk-4.0/gtk/deprecated/gtkcolorchooser.h:69:10: note: declared here
   69 | void     gtk_color_chooser_set_rgba       (GtkColorChooser *chooser,
      |          ^~~~~~~~~~~~~~~~~~~~~~~~~~
gtk/ap_UnixRibbon.cpp:1357:40: warning: 'void gtk_color_chooser_set_use_alpha(GtkColorChooser*, gboolean)' is deprecated [-Wdeprecated-declarations]
 1357 |         gtk_color_chooser_set_use_alpha(GTK_COLOR_CHOOSER(dlg), FALSE);
      |         ~~~~~~~~~~~~~~~~~~~~~~~~~~~~~~~^~~~~~~~~~~~~~~~~~~~~~~~~~~~~~~
/usr/include/gtk-4.0/gtk/deprecated/gtkcolorchooser.h:75:10: note: declared here
   75 | void     gtk_color_chooser_set_use_alpha  (GtkColorChooser *chooser,
      |          ^~~~~~~~~~~~~~~~~~~~~~~~~~~~~~~
gtk/ap_UnixRibbon.cpp: In static member function 'static GtkWidget* AP_UnixRibbon::_tb_color_swatch(const gchar*, _TbCtx*)':
gtk/ap_UnixRibbon.cpp:1378:68: warning: 'GtkStyleContext* gtk_widget_get_style_context(GtkWidget*)' is deprecated [-Wdeprecated-declarations]
 1378 |         gtk_style_context_add_provider(gtk_widget_get_style_context(sw),
      |                                        ~~~~~~~~~~~~~~~~~~~~~~~~~~~~^~~~
/usr/include/gtk-4.0/gtk/gtkwidget.h:710:19: note: declared here
  710 | GtkStyleContext * gtk_widget_get_style_context (GtkWidget *widget);
      |                   ^~~~~~~~~~~~~~~~~~~~~~~~~~~~
gtk/ap_UnixRibbon.cpp:1378:39: warning: 'void gtk_style_context_add_provider(GtkStyleContext*, GtkStyleProvider*, guint)' is deprecated [-Wdeprecated-declarations]
 1378 |         gtk_style_context_add_provider(gtk_widget_get_style_context(sw),
      |         ~~~~~~~~~~~~~~~~~~~~~~~~~~~~~~^~~~~~~~~~~~~~~~~~~~~~~~~~~~~~~~~~
 1379 |                                                                    GTK_STYLE_PROVIDER(cssProv),
      |                                                                    ~~~~~~~~~~~~~~~~~~~~~~~~~~~~
 1380 |                                                                    GTK_STYLE_PROVIDER_PRIORITY_USER);
      |                                                                    ~~~~~~~~~~~~~~~~~~~~~~~~~~~~~~~~~
/usr/include/gtk-4.0/gtk/deprecated/gtkstylecontext.h:64:6: note: declared here
   64 | void gtk_style_context_add_provider    (GtkStyleContext  *context,
      |      ^~~~~~~~~~~~~~~~~~~~~~~~~~~~~~
gtk/ap_UnixRibbon.cpp: In member function 'void AP_UnixRibbon::_showPasteSpecialDialog()':
gtk/ap_UnixRibbon.cpp:1763:41: warning: 'GtkWidget* gtk_dialog_new()' is deprecated [-Wdeprecated-declarations]
 1763 |         GtkWidget * dlg = gtk_dialog_new();
      |                           ~~~~~~~~~~~~~~^~
In file included from /usr/include/gtk-4.0/gtk/deprecated/gtkappchooserdialog.h:31,
                 from /usr/include/gtk-4.0/gtk/gtk.h:43:
/usr/include/gtk-4.0/gtk/deprecated/gtkdialog.h:130:12: note: declared here
  130 | GtkWidget* gtk_dialog_new      (void);
      |            ^~~~~~~~~~~~~~
gtk/ap_UnixRibbon.cpp:1769:30: warning: 'GtkWidget* gtk_dialog_add_button(GtkDialog*, const char*, int)' is deprecated [-Wdeprecated-declarations]
 1769 |         gtk_dialog_add_button(GTK_DIALOG(dlg), "_Cancel", GTK_RESPONSE_CANCEL);
      |         ~~~~~~~~~~~~~~~~~~~~~^~~~~~~~~~~~~~~~~~~~~~~~~~~~~~~~~~~~~~~~~~~~~~~~~
/usr/include/gtk-4.0/gtk/deprecated/gtkdialog.h:144:12: note: declared here
  144 | GtkWidget* gtk_dialog_add_button        (GtkDialog   *dialog,
      |            ^~~~~~~~~~~~~~~~~~~~~
gtk/ap_UnixRibbon.cpp:1770:47: warning: 'GtkWidget* gtk_dialog_add_button(GtkDialog*, const char*, int)' is deprecated [-Wdeprecated-declarations]
 1770 |         GtkWidget * ok = gtk_dialog_add_button(GTK_DIALOG(dlg), "OK",
      |                          ~~~~~~~~~~~~~~~~~~~~~^~~~~~~~~~~~~~~~~~~~~~~
 1771 |                                                                                    GTK_RESPONSE_OK);
      |                                                                                    ~~~~~~~~~~~~~~~~
/usr/include/gtk-4.0/gtk/deprecated/gtkdialog.h:144:12: note: declared here
  144 | GtkWidget* gtk_dialog_add_button        (GtkDialog   *dialog,
      |            ^~~~~~~~~~~~~~~~~~~~~
gtk/ap_UnixRibbon.cpp:1772:40: warning: 'void gtk_dialog_set_default_response(GtkDialog*, int)' is deprecated [-Wdeprecated-declarations]
 1772 |         gtk_dialog_set_default_response(GTK_DIALOG(dlg), GTK_RESPONSE_OK);
      |         ~~~~~~~~~~~~~~~~~~~~~~~~~~~~~~~^~~~~~~~~~~~~~~~~~~~~~~~~~~~~~~~~~
/usr/include/gtk-4.0/gtk/deprecated/gtkdialog.h:157:6: note: declared here
  157 | void gtk_dialog_set_default_response   (GtkDialog *dialog,
      |      ^~~~~~~~~~~~~~~~~~~~~~~~~~~~~~~
gtk/ap_UnixRibbon.cpp:1774:58: warning: 'GtkWidget* gtk_dialog_get_content_area(GtkDialog*)' is deprecated [-Wdeprecated-declarations]
 1774 |         GtkWidget * content = gtk_dialog_get_content_area(GTK_DIALOG(dlg));
      |                               ~~~~~~~~~~~~~~~~~~~~~~~~~~~^~~~~~~~~~~~~~~~~
/usr/include/gtk-4.0/gtk/deprecated/gtkdialog.h:172:13: note: declared here
  172 | GtkWidget * gtk_dialog_get_content_area (GtkDialog *dialog);
      |             ^~~~~~~~~~~~~~~~~~~~~~~~~~~
gtk/ap_UnixRibbon.cpp: In function 'void _cover_card_draw(GtkDrawingArea*, cairo_t*, int, int, gpointer)':
gtk/ap_UnixRibbon.cpp:6331:14: warning: variable 'fband' set but not used [-Wunused-but-set-variable]
 6331 |         auto fband = [&](double y, double hh, double r, double g, double b)
      |              ^~~~~
gtk/ap_UnixRibbon.cpp: In member function 'void AP_UnixRibbon::_refreshSpinFields()':
gtk/ap_UnixRibbon.cpp:10603:33: warning: comparison of integer expressions of different signedness: 'UT_sint32' {aka 'int'} and 'std::vector<AP_UnixRibbon::_SpinField*>::size_type' {aka 'long unsigned int'} [-Wsign-compare]
10603 |         for (UT_sint32 i = 0; i < m_vecSpins.size(); ++i)
      |                               ~~^~~~~~~~~~~~~~~~~~~
gtk/ap_UnixRibbon.cpp: In member function 'GtkWidget* AP_UnixRibbon::_makeStyleGallery()':
gtk/ap_UnixRibbon.cpp:11213:33: warning: comparison of integer expressions of different signedness: 'UT_sint32' {aka 'int'} and 'std::vector<AP_UnixRibbon::_StyleTile*>::size_type' {aka 'long unsigned int'} [-Wsign-compare]
11213 |         for (UT_sint32 i = 0; i < m_vecStyleTiles.size(); ++i)
      |                               ~~^~~~~~~~~~~~~~~~~~~~~~~~
gtk/ap_UnixRibbon.cpp: In static member function 'static void AP_UnixRibbon::_s_style_tile_clicked(GtkWidget*, gpointer)':
gtk/ap_UnixRibbon.cpp:11483:33: warning: comparison of integer expressions of different signedness: 'UT_sint32' {aka 'int'} and 'std::vector<AP_UnixRibbon::_StyleTile*>::size_type' {aka 'long unsigned int'} [-Wsign-compare]
11483 |         for (UT_sint32 i = 0; i < self->m_vecStyleTiles.size(); ++i)
      |                               ~~^~~~~~~~~~~~~~~~~~~~~~~~~~~~~~
gtk/ap_UnixRibbon.cpp: In member function 'void AP_UnixRibbon::_refreshStyleTiles(const char*)':
gtk/ap_UnixRibbon.cpp:11500:33: warning: comparison of integer expressions of different signedness: 'UT_sint32' {aka 'int'} and 'std::vector<AP_UnixRibbon::_StyleTile*>::size_type' {aka 'long unsigned int'} [-Wsign-compare]
11500 |         for (UT_sint32 i = 0; i < m_vecStyleTiles.size(); ++i)
      |                               ~~^~~~~~~~~~~~~~~~~~~~~~~~
gtk/ap_UnixRibbon.cpp: In static member function 'static void AP_UnixRibbon::_tb_combo_set_text(GtkWidget*, const char*, _TbCtx*)':
gtk/ap_UnixRibbon.cpp:11526:69: warning: unused parameter 'ctx' [-Wunused-parameter]
11526 |                                                            _TbCtx * ctx)
      |                                                            ~~~~~~~~~^~~
  CXX      gtk/ap_UnixSelPane.lo
gtk/ap_UnixRibbon.cpp: In static member function 'static void AP_UnixRibbon::_s_tblcolor_custom_response(GtkDialog*, gint, gpointer)':
gtk/ap_UnixRibbon.cpp:13007:43: warning: 'void gtk_color_chooser_get_rgba(GtkColorChooser*, GdkRGBA*)' is deprecated [-Wdeprecated-declarations]
13007 |                 gtk_color_chooser_get_rgba(GTK_COLOR_CHOOSER(dlg), &color);
      |                 ~~~~~~~~~~~~~~~~~~~~~~~~~~^~~~~~~~~~~~~~~~~~~~~~~~~~~~~~~~
/usr/include/gtk-4.0/gtk/deprecated/gtkcolorchooser.h:66:10: note: declared here
   66 | void     gtk_color_chooser_get_rgba       (GtkColorChooser *chooser,
      |          ^~~~~~~~~~~~~~~~~~~~~~~~~~
gtk/ap_UnixRibbon.cpp: In static member function 'static void AP_UnixRibbon::_s_tblcolor_custom_clicked(GtkWidget*, gpointer)':
gtk/ap_UnixRibbon.cpp:13026:55: warning: 'GtkWidget* gtk_color_chooser_dialog_new(const char*, GtkWindow*)' is deprecated [-Wdeprecated-declarations]
13026 |         GtkWidget * dlg = gtk_color_chooser_dialog_new(
      |                           ~~~~~~~~~~~~~~~~~~~~~~~~~~~~^
13027 |                 "Custom Color",
      |                 ~~~~~~~~~~~~~~~                        
13028 |                 toplevel ? GTK_WINDOW(toplevel) : nullptr);
      |                 ~~~~~~~~~~~~~~~~~~~~~~~~~~~~~~~~~~~~~~~~~~
/usr/include/gtk-4.0/gtk/deprecated/gtkcolorchooserdialog.h:38:13: note: declared here
   38 | GtkWidget * gtk_color_chooser_dialog_new      (const char *title,
      |             ^~~~~~~~~~~~~~~~~~~~~~~~~~~~
gtk/ap_UnixRibbon.cpp:13029:40: warning: 'void gtk_color_chooser_set_use_alpha(GtkColorChooser*, gboolean)' is deprecated [-Wdeprecated-declarations]
13029 |         gtk_color_chooser_set_use_alpha(GTK_COLOR_CHOOSER(dlg), FALSE);
      |         ~~~~~~~~~~~~~~~~~~~~~~~~~~~~~~~^~~~~~~~~~~~~~~~~~~~~~~~~~~~~~~
/usr/include/gtk-4.0/gtk/deprecated/gtkcolorchooser.h:75:10: note: declared here
   75 | void     gtk_color_chooser_set_use_alpha  (GtkColorChooser *chooser,
      |          ^~~~~~~~~~~~~~~~~~~~~~~~~~~~~~~
gtk/ap_UnixRibbon.cpp: In member function 'GtkWidget* AP_UnixRibbon::_makeTblColorPopover(const char*, const char*)':
gtk/ap_UnixRibbon.cpp:13084:76: warning: 'GtkStyleContext* gtk_widget_get_style_context(GtkWidget*)' is deprecated [-Wdeprecated-declarations]
13084 |                 gtk_style_context_add_provider(gtk_widget_get_style_context(sw),
      |                                                ~~~~~~~~~~~~~~~~~~~~~~~~~~~~^~~~
/usr/include/gtk-4.0/gtk/gtkwidget.h:710:19: note: declared here
  710 | GtkStyleContext * gtk_widget_get_style_context (GtkWidget *widget);
      |                   ^~~~~~~~~~~~~~~~~~~~~~~~~~~~
gtk/ap_UnixRibbon.cpp:13084:47: warning: 'void gtk_style_context_add_provider(GtkStyleContext*, GtkStyleProvider*, guint)' is deprecated [-Wdeprecated-declarations]
13084 |                 gtk_style_context_add_provider(gtk_widget_get_style_context(sw),
      |                 ~~~~~~~~~~~~~~~~~~~~~~~~~~~~~~^~~~~~~~~~~~~~~~~~~~~~~~~~~~~~~~~~
13085 |                                                                            GTK_STYLE_PROVIDER(cssProv),
      |                                                                            ~~~~~~~~~~~~~~~~~~~~~~~~~~~~
13086 |                                                                            GTK_STYLE_PROVIDER_PRIORITY_USER);
      |                                                                            ~~~~~~~~~~~~~~~~~~~~~~~~~~~~~~~~~
/usr/include/gtk-4.0/gtk/deprecated/gtkstylecontext.h:64:6: note: declared here
   64 | void gtk_style_context_add_provider    (GtkStyleContext  *context,
      |      ^~~~~~~~~~~~~~~~~~~~~~~~~~~~~~
  CXX      gtk/ap_UnixNavPane.lo
  CXX      gtk/ap_UnixStockIcons.lo
  CXX      gtk/ap_UnixStylesPane.lo
  CXX      gtk/ap_Unix_TB_CFactory.lo
  CXX      gtk/ap_UnixToolbar_FontCombo.lo
  CXX      gtk/ap_UnixToolbar_SizeCombo.lo
  CXX      gtk/ap_UnixToolbar_StyleCombo.lo
  CXX      gtk/ap_UnixToolbar_ZoomCombo.lo
  CXX      gtk/ap_UnixTopRuler.lo
In file included from gtk/ap_UnixToolbar_FontCombo.cpp:30:
../../../src/af/gr/xp/gr_RenderInfo.h: In member function 'UT_uint32 GR_Itemization::getNthLength(UT_sint32)':
../../../src/af/gr/xp/gr_RenderInfo.h:143:75: warning: comparison of integer expressions of different signedness: 'UT_sint32' {aka 'int'} and 'std::vector<int>::size_type' {aka 'long unsigned int'} [-Wsign-compare]
  143 |                                                   UT_return_val_if_fail(i < m_vOffsets.size()-1, 0);
      |                                                                         ~~^~~~~~~~~~~~~~~~~~~~~
../../../src/af/util/xp/ut_assert.h:108:48: note: in definition of macro 'UT_return_val_if_fail'
  108 | #define UT_return_val_if_fail(cond, val) if (!(cond)) { UT_ASSERT(cond); return (val); }
      |                                                ^~~~
gtk/ap_UnixToolbar_FontCombo.cpp: In member function 'virtual bool AP_UnixToolbar_FontCombo::populate()':
gtk/ap_UnixToolbar_FontCombo.cpp:92:41: warning: comparison of integer expressions of different signedness: 'UT_sint32' {aka 'int'} and 'std::vector<const char*>::size_type' {aka 'long unsigned int'} [-Wsign-compare]
   92 |                 for (UT_sint32 j = 0; j < m_vecContents.size(); j++)
      |                                       ~~^~~~~~~~~~~~~~~~~~~~~~
  CXX      gtk/ap_UnixViewListener.lo
  CXX      gtk/ap_RDFContactGTK.lo
In file included from gtk/ap_UnixToolbar_StyleCombo.cpp:29:
../../../src/af/gr/xp/gr_RenderInfo.h: In member function 'UT_uint32 GR_Itemization::getNthLength(UT_sint32)':
../../../src/af/gr/xp/gr_RenderInfo.h:143:75: warning: comparison of integer expressions of different signedness: 'UT_sint32' {aka 'int'} and 'std::vector<int>::size_type' {aka 'long unsigned int'} [-Wsign-compare]
  143 |                                                   UT_return_val_if_fail(i < m_vOffsets.size()-1, 0);
      |                                                                         ~~^~~~~~~~~~~~~~~~~~~~~
../../../src/af/util/xp/ut_assert.h:108:48: note: in definition of macro 'UT_return_val_if_fail'
  108 | #define UT_return_val_if_fail(cond, val) if (!(cond)) { UT_ASSERT(cond); return (val); }
      |                                                ^~~~
  CXX      gtk/ap_RDFEventGTK.lo
In file included from gtk/ap_UnixTopRuler.cpp:27:
../../../src/af/gr/xp/gr_RenderInfo.h: In member function 'UT_uint32 GR_Itemization::getNthLength(UT_sint32)':
../../../src/af/gr/xp/gr_RenderInfo.h:143:75: warning: comparison of integer expressions of different signedness: 'UT_sint32' {aka 'int'} and 'std::vector<int>::size_type' {aka 'long unsigned int'} [-Wsign-compare]
  143 |                                                   UT_return_val_if_fail(i < m_vOffsets.size()-1, 0);
      |                                                                         ~~^~~~~~~~~~~~~~~~~~~~~
../../../src/af/util/xp/ut_assert.h:108:48: note: in definition of macro 'UT_return_val_if_fail'
  108 | #define UT_return_val_if_fail(cond, val) if (!(cond)) { UT_ASSERT(cond); return (val); }
      |                                                ^~~~
  CXX      gtk/ap_RDFLocationGTK.lo
  CXX      gtk/ap_RDFSemanticItemFactoryGTK.lo
In file included from gtk/ap_RDFContactGTK.h:25,
                 from gtk/ap_RDFContactGTK.cpp:21:
gtk/ap_RDFSemanticItemGTKInjected.h: In member function 'void AP_RDFSemanticItemGTKInjected<ParentClass>::showEditorWindow(const PD_RDFSemanticItemHandle&)':
gtk/ap_RDFSemanticItemGTKInjected.h:92:52: warning: 'GtkWidget* gtk_dialog_new_with_buttons(const char*, GtkWindow*, GtkDialogFlags, const char*, ...)' is deprecated [-Wdeprecated-declarations]
   92 |         GtkWidget* d = gtk_dialog_new_with_buttons ("Message",
      |                        ~~~~~~~~~~~~~~~~~~~~~~~~~~~~^~~~~~~~~~~
   93 |                                                     0,
      |                                                     ~~
   94 |                                                     GTK_DIALOG_DESTROY_WITH_PARENT,
      |                                                     ~~~~~~~~~~~~~~~~~~~~~~~~~~~~~~~
   95 |                                                     convertMnemonics(s).c_str(),
      |                                                     ~~~~~~~~~~~~~~~~~~~~~~~~~~~~
   96 |                                                     GTK_RESPONSE_NONE,
      |                                                     ~~~~~~~~~~~~~~~~~~
   97 |                                                     nullptr);
      |                                                     ~~~~~~~~
In file included from /usr/include/gtk-4.0/gtk/deprecated/gtkappchooserdialog.h:31,
                 from /usr/include/gtk-4.0/gtk/gtk.h:43,
                 from gtk/GTKCommon.h:28,
                 from gtk/ap_RDFContactGTK.h:23:
/usr/include/gtk-4.0/gtk/deprecated/gtkdialog.h:133:12: note: declared here
  133 | GtkWidget* gtk_dialog_new_with_buttons (const char      *title,
      |            ^~~~~~~~~~~~~~~~~~~~~~~~~~~
gtk/ap_RDFSemanticItemGTKInjected.h:111:59: warning: 'GtkWidget* gtk_dialog_get_content_area(GtkDialog*)' is deprecated [-Wdeprecated-declarations]
  111 |         xap_gtk_container_add (gtk_dialog_get_content_area( GTK_DIALOG (d)), w);
      |                                ~~~~~~~~~~~~~~~~~~~~~~~~~~~^~~~~~~~~~~~~~~~~
/usr/include/gtk-4.0/gtk/deprecated/gtkdialog.h:172:13: note: declared here
  172 | GtkWidget * gtk_dialog_get_content_area (GtkDialog *dialog);
      |             ^~~~~~~~~~~~~~~~~~~~~~~~~~~
gtk/ap_RDFSemanticItemGTKInjected.h: In member function 'void AP_RDFSemanticItemGTKInjected<ParentClass>::showEditorWindow(const PD_RDFSemanticItems&)':
gtk/ap_RDFSemanticItemGTKInjected.h:125:52: warning: 'GtkWidget* gtk_dialog_new_with_buttons(const char*, GtkWindow*, GtkDialogFlags, const char*, ...)' is deprecated [-Wdeprecated-declarations]
  125 |         GtkWidget* d = gtk_dialog_new_with_buttons ("Message",
      |                        ~~~~~~~~~~~~~~~~~~~~~~~~~~~~^~~~~~~~~~~
  126 |                                                     0,
      |                                                     ~~
  127 |                                                     GTK_DIALOG_DESTROY_WITH_PARENT,
      |                                                     ~~~~~~~~~~~~~~~~~~~~~~~~~~~~~~~
  128 |                                                     convertMnemonics(s).c_str(),
      |                                                     ~~~~~~~~~~~~~~~~~~~~~~~~~~~~
  129 |                                                     GTK_RESPONSE_NONE,
      |                                                     ~~~~~~~~~~~~~~~~~~
  130 |                                                     nullptr);
      |                                                     ~~~~~~~~
/usr/include/gtk-4.0/gtk/deprecated/gtkdialog.h:133:12: note: declared here
  133 | GtkWidget* gtk_dialog_new_with_buttons (const char      *title,
      |            ^~~~~~~~~~~~~~~~~~~~~~~~~~~
gtk/ap_RDFSemanticItemGTKInjected.h:132:59: warning: 'GtkWidget* gtk_dialog_get_content_area(GtkDialog*)' is deprecated [-Wdeprecated-declarations]
  132 |         xap_gtk_container_add (gtk_dialog_get_content_area( GTK_DIALOG (d)),
      |                                ~~~~~~~~~~~~~~~~~~~~~~~~~~~^~~~~~~~~~~~~~~~~
/usr/include/gtk-4.0/gtk/deprecated/gtkdialog.h:172:13: note: declared here
  172 | GtkWidget * gtk_dialog_get_content_area (GtkDialog *dialog);
      |             ^~~~~~~~~~~~~~~~~~~~~~~~~~~
gtk/ap_RDFSemanticItemGTKInjected.h: In instantiation of 'void AP_RDFSemanticItemGTKInjected<ParentClass>::showEditorWindow(const PD_RDFSemanticItemHandle&) [with ParentClass = AP_RDFContact; PD_RDFSemanticItemHandle = std::shared_ptr<PD_RDFSemanticItem>]':
gtk/ap_RDFSemanticItemGTKInjected.h:85:10:   required from here
gtk/ap_RDFSemanticItemGTKInjected.h:92:52: warning: 'GtkWidget* gtk_dialog_new_with_buttons(const char*, GtkWindow*, GtkDialogFlags, const char*, ...)' is deprecated [-Wdeprecated-declarations]
   92 |         GtkWidget* d = gtk_dialog_new_with_buttons ("Message",
      |                        ~~~~~~~~~~~~~~~~~~~~~~~~~~~~^~~~~~~~~~~
   93 |                                                     0,
      |                                                     ~~
   94 |                                                     GTK_DIALOG_DESTROY_WITH_PARENT,
      |                                                     ~~~~~~~~~~~~~~~~~~~~~~~~~~~~~~~
   95 |                                                     convertMnemonics(s).c_str(),
      |                                                     ~~~~~~~~~~~~~~~~~~~~~~~~~~~~
   96 |                                                     GTK_RESPONSE_NONE,
      |                                                     ~~~~~~~~~~~~~~~~~~
   97 |                                                     nullptr);
      |                                                     ~~~~~~~~
/usr/include/gtk-4.0/gtk/deprecated/gtkdialog.h:133:12: note: declared here
  133 | GtkWidget* gtk_dialog_new_with_buttons (const char      *title,
      |            ^~~~~~~~~~~~~~~~~~~~~~~~~~~
gtk/ap_RDFSemanticItemGTKInjected.h:93:53: warning: zero as null pointer constant [-Wzero-as-null-pointer-constant]
   93 |                                                     0,
      |                                                     ^
gtk/ap_RDFSemanticItemGTKInjected.h:92:52: warning: 'GtkWidget* gtk_dialog_new_with_buttons(const char*, GtkWindow*, GtkDialogFlags, const char*, ...)' is deprecated [-Wdeprecated-declarations]
   92 |         GtkWidget* d = gtk_dialog_new_with_buttons ("Message",
      |                        ~~~~~~~~~~~~~~~~~~~~~~~~~~~~^~~~~~~~~~~
   93 |                                                     0,
      |                                                     ~~
   94 |                                                     GTK_DIALOG_DESTROY_WITH_PARENT,
      |                                                     ~~~~~~~~~~~~~~~~~~~~~~~~~~~~~~~
   95 |                                                     convertMnemonics(s).c_str(),
      |                                                     ~~~~~~~~~~~~~~~~~~~~~~~~~~~~
   96 |                                                     GTK_RESPONSE_NONE,
      |                                                     ~~~~~~~~~~~~~~~~~~
   97 |                                                     nullptr);
      |                                                     ~~~~~~~~
/usr/include/gtk-4.0/gtk/deprecated/gtkdialog.h:133:12: note: declared here
  133 | GtkWidget* gtk_dialog_new_with_buttons (const char      *title,
      |            ^~~~~~~~~~~~~~~~~~~~~~~~~~~
gtk/ap_RDFSemanticItemGTKInjected.h:111:59: warning: 'GtkWidget* gtk_dialog_get_content_area(GtkDialog*)' is deprecated [-Wdeprecated-declarations]
  111 |         xap_gtk_container_add (gtk_dialog_get_content_area( GTK_DIALOG (d)), w);
      |                                ~~~~~~~~~~~~~~~~~~~~~~~~~~~^~~~~~~~~~~~~~~~~
/usr/include/gtk-4.0/gtk/deprecated/gtkdialog.h:172:13: note: declared here
  172 | GtkWidget * gtk_dialog_get_content_area (GtkDialog *dialog);
      |             ^~~~~~~~~~~~~~~~~~~~~~~~~~~
gtk/ap_RDFSemanticItemGTKInjected.h:111:59: warning: 'GtkWidget* gtk_dialog_get_content_area(GtkDialog*)' is deprecated [-Wdeprecated-declarations]
  111 |         xap_gtk_container_add (gtk_dialog_get_content_area( GTK_DIALOG (d)), w);
      |                                ~~~~~~~~~~~~~~~~~~~~~~~~~~~^~~~~~~~~~~~~~~~~
/usr/include/gtk-4.0/gtk/deprecated/gtkdialog.h:172:13: note: declared here
  172 | GtkWidget * gtk_dialog_get_content_area (GtkDialog *dialog);
      |             ^~~~~~~~~~~~~~~~~~~~~~~~~~~
gtk/ap_RDFSemanticItemGTKInjected.h: In instantiation of 'void AP_RDFSemanticItemGTKInjected<ParentClass>::showEditorWindow(const PD_RDFSemanticItems&) [with ParentClass = AP_RDFContact; PD_RDFSemanticItems = std::__cxx11::list<std::shared_ptr<PD_RDFSemanticItem> >]':
gtk/ap_RDFSemanticItemGTKInjected.h:118:10:   required from here
gtk/ap_RDFSemanticItemGTKInjected.h:125:52: warning: 'GtkWidget* gtk_dialog_new_with_buttons(const char*, GtkWindow*, GtkDialogFlags, const char*, ...)' is deprecated [-Wdeprecated-declarations]
  125 |         GtkWidget* d = gtk_dialog_new_with_buttons ("Message",
      |                        ~~~~~~~~~~~~~~~~~~~~~~~~~~~~^~~~~~~~~~~
  126 |                                                     0,
      |                                                     ~~
  127 |                                                     GTK_DIALOG_DESTROY_WITH_PARENT,
      |                                                     ~~~~~~~~~~~~~~~~~~~~~~~~~~~~~~~
  128 |                                                     convertMnemonics(s).c_str(),
      |                                                     ~~~~~~~~~~~~~~~~~~~~~~~~~~~~
  129 |                                                     GTK_RESPONSE_NONE,
      |                                                     ~~~~~~~~~~~~~~~~~~
  130 |                                                     nullptr);
      |                                                     ~~~~~~~~
/usr/include/gtk-4.0/gtk/deprecated/gtkdialog.h:133:12: note: declared here
  133 | GtkWidget* gtk_dialog_new_with_buttons (const char      *title,
      |            ^~~~~~~~~~~~~~~~~~~~~~~~~~~
gtk/ap_RDFSemanticItemGTKInjected.h:126:53: warning: zero as null pointer constant [-Wzero-as-null-pointer-constant]
  126 |                                                     0,
      |                                                     ^
gtk/ap_RDFSemanticItemGTKInjected.h:125:52: warning: 'GtkWidget* gtk_dialog_new_with_buttons(const char*, GtkWindow*, GtkDialogFlags, const char*, ...)' is deprecated [-Wdeprecated-declarations]
  125 |         GtkWidget* d = gtk_dialog_new_with_buttons ("Message",
      |                        ~~~~~~~~~~~~~~~~~~~~~~~~~~~~^~~~~~~~~~~
  126 |                                                     0,
      |                                                     ~~
  127 |                                                     GTK_DIALOG_DESTROY_WITH_PARENT,
      |                                                     ~~~~~~~~~~~~~~~~~~~~~~~~~~~~~~~
  128 |                                                     convertMnemonics(s).c_str(),
      |                                                     ~~~~~~~~~~~~~~~~~~~~~~~~~~~~
  129 |                                                     GTK_RESPONSE_NONE,
      |                                                     ~~~~~~~~~~~~~~~~~~
  130 |                                                     nullptr);
      |                                                     ~~~~~~~~
/usr/include/gtk-4.0/gtk/deprecated/gtkdialog.h:133:12: note: declared here
  133 | GtkWidget* gtk_dialog_new_with_buttons (const char      *title,
      |            ^~~~~~~~~~~~~~~~~~~~~~~~~~~
gtk/ap_RDFSemanticItemGTKInjected.h:132:59: warning: 'GtkWidget* gtk_dialog_get_content_area(GtkDialog*)' is deprecated [-Wdeprecated-declarations]
  132 |         xap_gtk_container_add (gtk_dialog_get_content_area( GTK_DIALOG (d)),
      |                                ~~~~~~~~~~~~~~~~~~~~~~~~~~~^~~~~~~~~~~~~~~~~
/usr/include/gtk-4.0/gtk/deprecated/gtkdialog.h:172:13: note: declared here
  172 | GtkWidget * gtk_dialog_get_content_area (GtkDialog *dialog);
      |             ^~~~~~~~~~~~~~~~~~~~~~~~~~~
gtk/ap_RDFSemanticItemGTKInjected.h:132:59: warning: 'GtkWidget* gtk_dialog_get_content_area(GtkDialog*)' is deprecated [-Wdeprecated-declarations]
  132 |         xap_gtk_container_add (gtk_dialog_get_content_area( GTK_DIALOG (d)),
      |                                ~~~~~~~~~~~~~~~~~~~~~~~~~~~^~~~~~~~~~~~~~~~~
/usr/include/gtk-4.0/gtk/deprecated/gtkdialog.h:172:13: note: declared here
  172 | GtkWidget * gtk_dialog_get_content_area (GtkDialog *dialog);
      |             ^~~~~~~~~~~~~~~~~~~~~~~~~~~
In file included from /usr/include/glib-2.0/gobject/gobject.h:30,
                 from /usr/include/glib-2.0/gobject/gbinding.h:31,
                 from /usr/include/glib-2.0/glib-object.h:24,
                 from /usr/include/gtk-4.0/gtk/css/gtkcssenumtypes.h:11,
                 from /usr/include/gtk-4.0/gtk/css/gtkcss.h:33,
                 from /usr/include/gtk-4.0/gtk/gtk.h:29:
gtk/ap_RDFSemanticItemGTKInjected.h:160:86: warning: zero as null pointer constant [-Wzero-as-null-pointer-constant]
  160 |         g_signal_connect (G_OBJECT(d), "response",  G_CALLBACK(OnSemItemListEdited), 0 );
/usr/include/glib-2.0/gobject/gsignal.h:519:73: note: in definition of macro 'g_signal_connect'
  519 |     g_signal_connect_data ((instance), (detailed_signal), (c_handler), (data), NULL, (GConnectFlags) 0)
      |                                                                         ^~~~
  CXX      gtk/ap_RDFSemanticItemGTKInjected.lo
In file included from gtk/ap_RDFEventGTK.h:25,
                 from gtk/ap_RDFEventGTK.cpp:21:
gtk/ap_RDFSemanticItemGTKInjected.h: In member function 'void AP_RDFSemanticItemGTKInjected<ParentClass>::showEditorWindow(const PD_RDFSemanticItemHandle&)':
gtk/ap_RDFSemanticItemGTKInjected.h:92:52: warning: 'GtkWidget* gtk_dialog_new_with_buttons(const char*, GtkWindow*, GtkDialogFlags, const char*, ...)' is deprecated [-Wdeprecated-declarations]
   92 |         GtkWidget* d = gtk_dialog_new_with_buttons ("Message",
      |                        ~~~~~~~~~~~~~~~~~~~~~~~~~~~~^~~~~~~~~~~
   93 |                                                     0,
      |                                                     ~~
   94 |                                                     GTK_DIALOG_DESTROY_WITH_PARENT,
      |                                                     ~~~~~~~~~~~~~~~~~~~~~~~~~~~~~~~
   95 |                                                     convertMnemonics(s).c_str(),
      |                                                     ~~~~~~~~~~~~~~~~~~~~~~~~~~~~
   96 |                                                     GTK_RESPONSE_NONE,
      |                                                     ~~~~~~~~~~~~~~~~~~
   97 |                                                     nullptr);
      |                                                     ~~~~~~~~
In file included from /usr/include/gtk-4.0/gtk/deprecated/gtkappchooserdialog.h:31,
                 from /usr/include/gtk-4.0/gtk/gtk.h:43,
                 from gtk/GTKCommon.h:28,
                 from gtk/ap_RDFEventGTK.h:23:
/usr/include/gtk-4.0/gtk/deprecated/gtkdialog.h:133:12: note: declared here
  133 | GtkWidget* gtk_dialog_new_with_buttons (const char      *title,
      |            ^~~~~~~~~~~~~~~~~~~~~~~~~~~
gtk/ap_RDFSemanticItemGTKInjected.h:111:59: warning: 'GtkWidget* gtk_dialog_get_content_area(GtkDialog*)' is deprecated [-Wdeprecated-declarations]
  111 |         xap_gtk_container_add (gtk_dialog_get_content_area( GTK_DIALOG (d)), w);
      |                                ~~~~~~~~~~~~~~~~~~~~~~~~~~~^~~~~~~~~~~~~~~~~
/usr/include/gtk-4.0/gtk/deprecated/gtkdialog.h:172:13: note: declared here
  172 | GtkWidget * gtk_dialog_get_content_area (GtkDialog *dialog);
      |             ^~~~~~~~~~~~~~~~~~~~~~~~~~~
gtk/ap_RDFSemanticItemGTKInjected.h: In member function 'void AP_RDFSemanticItemGTKInjected<ParentClass>::showEditorWindow(const PD_RDFSemanticItems&)':
gtk/ap_RDFSemanticItemGTKInjected.h:125:52: warning: 'GtkWidget* gtk_dialog_new_with_buttons(const char*, GtkWindow*, GtkDialogFlags, const char*, ...)' is deprecated [-Wdeprecated-declarations]
  125 |         GtkWidget* d = gtk_dialog_new_with_buttons ("Message",
      |                        ~~~~~~~~~~~~~~~~~~~~~~~~~~~~^~~~~~~~~~~
  126 |                                                     0,
      |                                                     ~~
  127 |                                                     GTK_DIALOG_DESTROY_WITH_PARENT,
      |                                                     ~~~~~~~~~~~~~~~~~~~~~~~~~~~~~~~
  128 |                                                     convertMnemonics(s).c_str(),
      |                                                     ~~~~~~~~~~~~~~~~~~~~~~~~~~~~
  129 |                                                     GTK_RESPONSE_NONE,
      |                                                     ~~~~~~~~~~~~~~~~~~
  130 |                                                     nullptr);
      |                                                     ~~~~~~~~
/usr/include/gtk-4.0/gtk/deprecated/gtkdialog.h:133:12: note: declared here
  133 | GtkWidget* gtk_dialog_new_with_buttons (const char      *title,
      |            ^~~~~~~~~~~~~~~~~~~~~~~~~~~
gtk/ap_RDFSemanticItemGTKInjected.h:132:59: warning: 'GtkWidget* gtk_dialog_get_content_area(GtkDialog*)' is deprecated [-Wdeprecated-declarations]
  132 |         xap_gtk_container_add (gtk_dialog_get_content_area( GTK_DIALOG (d)),
      |                                ~~~~~~~~~~~~~~~~~~~~~~~~~~~^~~~~~~~~~~~~~~~~
/usr/include/gtk-4.0/gtk/deprecated/gtkdialog.h:172:13: note: declared here
  172 | GtkWidget * gtk_dialog_get_content_area (GtkDialog *dialog);
      |             ^~~~~~~~~~~~~~~~~~~~~~~~~~~
gtk/ap_RDFSemanticItemGTKInjected.h: In instantiation of 'void AP_RDFSemanticItemGTKInjected<ParentClass>::showEditorWindow(const PD_RDFSemanticItemHandle&) [with ParentClass = AP_RDFEvent; PD_RDFSemanticItemHandle = std::shared_ptr<PD_RDFSemanticItem>]':
gtk/ap_RDFSemanticItemGTKInjected.h:85:10:   required from here
gtk/ap_RDFSemanticItemGTKInjected.h:92:52: warning: 'GtkWidget* gtk_dialog_new_with_buttons(const char*, GtkWindow*, GtkDialogFlags, const char*, ...)' is deprecated [-Wdeprecated-declarations]
   92 |         GtkWidget* d = gtk_dialog_new_with_buttons ("Message",
      |                        ~~~~~~~~~~~~~~~~~~~~~~~~~~~~^~~~~~~~~~~
   93 |                                                     0,
      |                                                     ~~
   94 |                                                     GTK_DIALOG_DESTROY_WITH_PARENT,
      |                                                     ~~~~~~~~~~~~~~~~~~~~~~~~~~~~~~~
   95 |                                                     convertMnemonics(s).c_str(),
      |                                                     ~~~~~~~~~~~~~~~~~~~~~~~~~~~~
   96 |                                                     GTK_RESPONSE_NONE,
      |                                                     ~~~~~~~~~~~~~~~~~~
   97 |                                                     nullptr);
      |                                                     ~~~~~~~~
/usr/include/gtk-4.0/gtk/deprecated/gtkdialog.h:133:12: note: declared here
  133 | GtkWidget* gtk_dialog_new_with_buttons (const char      *title,
      |            ^~~~~~~~~~~~~~~~~~~~~~~~~~~
gtk/ap_RDFSemanticItemGTKInjected.h:93:53: warning: zero as null pointer constant [-Wzero-as-null-pointer-constant]
   93 |                                                     0,
      |                                                     ^
gtk/ap_RDFSemanticItemGTKInjected.h:92:52: warning: 'GtkWidget* gtk_dialog_new_with_buttons(const char*, GtkWindow*, GtkDialogFlags, const char*, ...)' is deprecated [-Wdeprecated-declarations]
   92 |         GtkWidget* d = gtk_dialog_new_with_buttons ("Message",
      |                        ~~~~~~~~~~~~~~~~~~~~~~~~~~~~^~~~~~~~~~~
   93 |                                                     0,
      |                                                     ~~
   94 |                                                     GTK_DIALOG_DESTROY_WITH_PARENT,
      |                                                     ~~~~~~~~~~~~~~~~~~~~~~~~~~~~~~~
   95 |                                                     convertMnemonics(s).c_str(),
      |                                                     ~~~~~~~~~~~~~~~~~~~~~~~~~~~~
   96 |                                                     GTK_RESPONSE_NONE,
      |                                                     ~~~~~~~~~~~~~~~~~~
   97 |                                                     nullptr);
      |                                                     ~~~~~~~~
/usr/include/gtk-4.0/gtk/deprecated/gtkdialog.h:133:12: note: declared here
  133 | GtkWidget* gtk_dialog_new_with_buttons (const char      *title,
      |            ^~~~~~~~~~~~~~~~~~~~~~~~~~~
gtk/ap_RDFSemanticItemGTKInjected.h:111:59: warning: 'GtkWidget* gtk_dialog_get_content_area(GtkDialog*)' is deprecated [-Wdeprecated-declarations]
  111 |         xap_gtk_container_add (gtk_dialog_get_content_area( GTK_DIALOG (d)), w);
      |                                ~~~~~~~~~~~~~~~~~~~~~~~~~~~^~~~~~~~~~~~~~~~~
/usr/include/gtk-4.0/gtk/deprecated/gtkdialog.h:172:13: note: declared here
  172 | GtkWidget * gtk_dialog_get_content_area (GtkDialog *dialog);
      |             ^~~~~~~~~~~~~~~~~~~~~~~~~~~
gtk/ap_RDFSemanticItemGTKInjected.h:111:59: warning: 'GtkWidget* gtk_dialog_get_content_area(GtkDialog*)' is deprecated [-Wdeprecated-declarations]
  111 |         xap_gtk_container_add (gtk_dialog_get_content_area( GTK_DIALOG (d)), w);
      |                                ~~~~~~~~~~~~~~~~~~~~~~~~~~~^~~~~~~~~~~~~~~~~
/usr/include/gtk-4.0/gtk/deprecated/gtkdialog.h:172:13: note: declared here
  172 | GtkWidget * gtk_dialog_get_content_area (GtkDialog *dialog);
      |             ^~~~~~~~~~~~~~~~~~~~~~~~~~~
gtk/ap_RDFSemanticItemGTKInjected.h: In instantiation of 'void AP_RDFSemanticItemGTKInjected<ParentClass>::showEditorWindow(const PD_RDFSemanticItems&) [with ParentClass = AP_RDFEvent; PD_RDFSemanticItems = std::__cxx11::list<std::shared_ptr<PD_RDFSemanticItem> >]':
gtk/ap_RDFSemanticItemGTKInjected.h:118:10:   required from here
gtk/ap_RDFSemanticItemGTKInjected.h:125:52: warning: 'GtkWidget* gtk_dialog_new_with_buttons(const char*, GtkWindow*, GtkDialogFlags, const char*, ...)' is deprecated [-Wdeprecated-declarations]
  125 |         GtkWidget* d = gtk_dialog_new_with_buttons ("Message",
      |                        ~~~~~~~~~~~~~~~~~~~~~~~~~~~~^~~~~~~~~~~
  126 |                                                     0,
      |                                                     ~~
  127 |                                                     GTK_DIALOG_DESTROY_WITH_PARENT,
      |                                                     ~~~~~~~~~~~~~~~~~~~~~~~~~~~~~~~
  128 |                                                     convertMnemonics(s).c_str(),
      |                                                     ~~~~~~~~~~~~~~~~~~~~~~~~~~~~
  129 |                                                     GTK_RESPONSE_NONE,
      |                                                     ~~~~~~~~~~~~~~~~~~
  130 |                                                     nullptr);
      |                                                     ~~~~~~~~
/usr/include/gtk-4.0/gtk/deprecated/gtkdialog.h:133:12: note: declared here
  133 | GtkWidget* gtk_dialog_new_with_buttons (const char      *title,
      |            ^~~~~~~~~~~~~~~~~~~~~~~~~~~
gtk/ap_RDFSemanticItemGTKInjected.h:126:53: warning: zero as null pointer constant [-Wzero-as-null-pointer-constant]
  126 |                                                     0,
      |                                                     ^
gtk/ap_RDFSemanticItemGTKInjected.h:125:52: warning: 'GtkWidget* gtk_dialog_new_with_buttons(const char*, GtkWindow*, GtkDialogFlags, const char*, ...)' is deprecated [-Wdeprecated-declarations]
  125 |         GtkWidget* d = gtk_dialog_new_with_buttons ("Message",
      |                        ~~~~~~~~~~~~~~~~~~~~~~~~~~~~^~~~~~~~~~~
  126 |                                                     0,
      |                                                     ~~
  127 |                                                     GTK_DIALOG_DESTROY_WITH_PARENT,
      |                                                     ~~~~~~~~~~~~~~~~~~~~~~~~~~~~~~~
  128 |                                                     convertMnemonics(s).c_str(),
      |                                                     ~~~~~~~~~~~~~~~~~~~~~~~~~~~~
  129 |                                                     GTK_RESPONSE_NONE,
      |                                                     ~~~~~~~~~~~~~~~~~~
  130 |                                                     nullptr);
      |                                                     ~~~~~~~~
/usr/include/gtk-4.0/gtk/deprecated/gtkdialog.h:133:12: note: declared here
  133 | GtkWidget* gtk_dialog_new_with_buttons (const char      *title,
      |            ^~~~~~~~~~~~~~~~~~~~~~~~~~~
gtk/ap_RDFSemanticItemGTKInjected.h:132:59: warning: 'GtkWidget* gtk_dialog_get_content_area(GtkDialog*)' is deprecated [-Wdeprecated-declarations]
  132 |         xap_gtk_container_add (gtk_dialog_get_content_area( GTK_DIALOG (d)),
      |                                ~~~~~~~~~~~~~~~~~~~~~~~~~~~^~~~~~~~~~~~~~~~~
/usr/include/gtk-4.0/gtk/deprecated/gtkdialog.h:172:13: note: declared here
  172 | GtkWidget * gtk_dialog_get_content_area (GtkDialog *dialog);
      |             ^~~~~~~~~~~~~~~~~~~~~~~~~~~
gtk/ap_RDFSemanticItemGTKInjected.h:132:59: warning: 'GtkWidget* gtk_dialog_get_content_area(GtkDialog*)' is deprecated [-Wdeprecated-declarations]
  132 |         xap_gtk_container_add (gtk_dialog_get_content_area( GTK_DIALOG (d)),
      |                                ~~~~~~~~~~~~~~~~~~~~~~~~~~~^~~~~~~~~~~~~~~~~
/usr/include/gtk-4.0/gtk/deprecated/gtkdialog.h:172:13: note: declared here
  172 | GtkWidget * gtk_dialog_get_content_area (GtkDialog *dialog);
      |             ^~~~~~~~~~~~~~~~~~~~~~~~~~~
In file included from /usr/include/glib-2.0/gobject/gobject.h:30,
                 from /usr/include/glib-2.0/gobject/gbinding.h:31,
                 from /usr/include/glib-2.0/glib-object.h:24,
                 from /usr/include/gtk-4.0/gtk/css/gtkcssenumtypes.h:11,
                 from /usr/include/gtk-4.0/gtk/css/gtkcss.h:33,
                 from /usr/include/gtk-4.0/gtk/gtk.h:29:
gtk/ap_RDFSemanticItemGTKInjected.h:160:86: warning: zero as null pointer constant [-Wzero-as-null-pointer-constant]
  160 |         g_signal_connect (G_OBJECT(d), "response",  G_CALLBACK(OnSemItemListEdited), 0 );
/usr/include/glib-2.0/gobject/gsignal.h:519:73: note: in definition of macro 'g_signal_connect'
  519 |     g_signal_connect_data ((instance), (detailed_signal), (c_handler), (data), NULL, (GConnectFlags) 0)
      |                                                                         ^~~~
  CXX      gtk/abiwidget.lo
In file included from gtk/ap_RDFLocationGTK.h:25,
                 from gtk/ap_RDFLocationGTK.cpp:21:
gtk/ap_RDFSemanticItemGTKInjected.h: In member function 'void AP_RDFSemanticItemGTKInjected<ParentClass>::showEditorWindow(const PD_RDFSemanticItemHandle&)':
gtk/ap_RDFSemanticItemGTKInjected.h:92:52: warning: 'GtkWidget* gtk_dialog_new_with_buttons(const char*, GtkWindow*, GtkDialogFlags, const char*, ...)' is deprecated [-Wdeprecated-declarations]
   92 |         GtkWidget* d = gtk_dialog_new_with_buttons ("Message",
      |                        ~~~~~~~~~~~~~~~~~~~~~~~~~~~~^~~~~~~~~~~
   93 |                                                     0,
      |                                                     ~~
   94 |                                                     GTK_DIALOG_DESTROY_WITH_PARENT,
      |                                                     ~~~~~~~~~~~~~~~~~~~~~~~~~~~~~~~
   95 |                                                     convertMnemonics(s).c_str(),
      |                                                     ~~~~~~~~~~~~~~~~~~~~~~~~~~~~
   96 |                                                     GTK_RESPONSE_NONE,
      |                                                     ~~~~~~~~~~~~~~~~~~
   97 |                                                     nullptr);
      |                                                     ~~~~~~~~
In file included from /usr/include/gtk-4.0/gtk/deprecated/gtkappchooserdialog.h:31,
                 from /usr/include/gtk-4.0/gtk/gtk.h:43,
                 from gtk/GTKCommon.h:28,
                 from gtk/ap_RDFLocationGTK.h:23:
/usr/include/gtk-4.0/gtk/deprecated/gtkdialog.h:133:12: note: declared here
  133 | GtkWidget* gtk_dialog_new_with_buttons (const char      *title,
      |            ^~~~~~~~~~~~~~~~~~~~~~~~~~~
gtk/ap_RDFSemanticItemGTKInjected.h:111:59: warning: 'GtkWidget* gtk_dialog_get_content_area(GtkDialog*)' is deprecated [-Wdeprecated-declarations]
  111 |         xap_gtk_container_add (gtk_dialog_get_content_area( GTK_DIALOG (d)), w);
      |                                ~~~~~~~~~~~~~~~~~~~~~~~~~~~^~~~~~~~~~~~~~~~~
/usr/include/gtk-4.0/gtk/deprecated/gtkdialog.h:172:13: note: declared here
  172 | GtkWidget * gtk_dialog_get_content_area (GtkDialog *dialog);
      |             ^~~~~~~~~~~~~~~~~~~~~~~~~~~
gtk/ap_RDFSemanticItemGTKInjected.h: In member function 'void AP_RDFSemanticItemGTKInjected<ParentClass>::showEditorWindow(const PD_RDFSemanticItems&)':
gtk/ap_RDFSemanticItemGTKInjected.h:125:52: warning: 'GtkWidget* gtk_dialog_new_with_buttons(const char*, GtkWindow*, GtkDialogFlags, const char*, ...)' is deprecated [-Wdeprecated-declarations]
  125 |         GtkWidget* d = gtk_dialog_new_with_buttons ("Message",
      |                        ~~~~~~~~~~~~~~~~~~~~~~~~~~~~^~~~~~~~~~~
  126 |                                                     0,
      |                                                     ~~
  127 |                                                     GTK_DIALOG_DESTROY_WITH_PARENT,
      |                                                     ~~~~~~~~~~~~~~~~~~~~~~~~~~~~~~~
  128 |                                                     convertMnemonics(s).c_str(),
      |                                                     ~~~~~~~~~~~~~~~~~~~~~~~~~~~~
  129 |                                                     GTK_RESPONSE_NONE,
      |                                                     ~~~~~~~~~~~~~~~~~~
  130 |                                                     nullptr);
      |                                                     ~~~~~~~~
/usr/include/gtk-4.0/gtk/deprecated/gtkdialog.h:133:12: note: declared here
  133 | GtkWidget* gtk_dialog_new_with_buttons (const char      *title,
      |            ^~~~~~~~~~~~~~~~~~~~~~~~~~~
gtk/ap_RDFSemanticItemGTKInjected.h:132:59: warning: 'GtkWidget* gtk_dialog_get_content_area(GtkDialog*)' is deprecated [-Wdeprecated-declarations]
  132 |         xap_gtk_container_add (gtk_dialog_get_content_area( GTK_DIALOG (d)),
      |                                ~~~~~~~~~~~~~~~~~~~~~~~~~~~^~~~~~~~~~~~~~~~~
/usr/include/gtk-4.0/gtk/deprecated/gtkdialog.h:172:13: note: declared here
  172 | GtkWidget * gtk_dialog_get_content_area (GtkDialog *dialog);
      |             ^~~~~~~~~~~~~~~~~~~~~~~~~~~
In file included from gtk/ap_RDFContactGTK.h:25,
                 from gtk/ap_RDFSemanticItemFactoryGTK.h:24,
                 from gtk/ap_RDFSemanticItemFactoryGTK.cpp:21:
gtk/ap_RDFSemanticItemGTKInjected.h: In member function 'void AP_RDFSemanticItemGTKInjected<ParentClass>::showEditorWindow(const PD_RDFSemanticItemHandle&)':
gtk/ap_RDFSemanticItemGTKInjected.h:92:52: warning: 'GtkWidget* gtk_dialog_new_with_buttons(const char*, GtkWindow*, GtkDialogFlags, const char*, ...)' is deprecated [-Wdeprecated-declarations]
   92 |         GtkWidget* d = gtk_dialog_new_with_buttons ("Message",
      |                        ~~~~~~~~~~~~~~~~~~~~~~~~~~~~^~~~~~~~~~~
   93 |                                                     0,
      |                                                     ~~
   94 |                                                     GTK_DIALOG_DESTROY_WITH_PARENT,
      |                                                     ~~~~~~~~~~~~~~~~~~~~~~~~~~~~~~~
   95 |                                                     convertMnemonics(s).c_str(),
      |                                                     ~~~~~~~~~~~~~~~~~~~~~~~~~~~~
   96 |                                                     GTK_RESPONSE_NONE,
      |                                                     ~~~~~~~~~~~~~~~~~~
   97 |                                                     nullptr);
      |                                                     ~~~~~~~~
In file included from /usr/include/gtk-4.0/gtk/deprecated/gtkappchooserdialog.h:31,
                 from /usr/include/gtk-4.0/gtk/gtk.h:43,
                 from gtk/GTKCommon.h:28,
                 from gtk/ap_RDFSemanticItemFactoryGTK.h:23:
/usr/include/gtk-4.0/gtk/deprecated/gtkdialog.h:133:12: note: declared here
  133 | GtkWidget* gtk_dialog_new_with_buttons (const char      *title,
      |            ^~~~~~~~~~~~~~~~~~~~~~~~~~~
gtk/ap_RDFSemanticItemGTKInjected.h:111:59: warning: 'GtkWidget* gtk_dialog_get_content_area(GtkDialog*)' is deprecated [-Wdeprecated-declarations]
  111 |         xap_gtk_container_add (gtk_dialog_get_content_area( GTK_DIALOG (d)), w);
      |                                ~~~~~~~~~~~~~~~~~~~~~~~~~~~^~~~~~~~~~~~~~~~~
/usr/include/gtk-4.0/gtk/deprecated/gtkdialog.h:172:13: note: declared here
  172 | GtkWidget * gtk_dialog_get_content_area (GtkDialog *dialog);
      |             ^~~~~~~~~~~~~~~~~~~~~~~~~~~
gtk/ap_RDFSemanticItemGTKInjected.h: In member function 'void AP_RDFSemanticItemGTKInjected<ParentClass>::showEditorWindow(const PD_RDFSemanticItems&)':
gtk/ap_RDFSemanticItemGTKInjected.h:125:52: warning: 'GtkWidget* gtk_dialog_new_with_buttons(const char*, GtkWindow*, GtkDialogFlags, const char*, ...)' is deprecated [-Wdeprecated-declarations]
  125 |         GtkWidget* d = gtk_dialog_new_with_buttons ("Message",
      |                        ~~~~~~~~~~~~~~~~~~~~~~~~~~~~^~~~~~~~~~~
  126 |                                                     0,
      |                                                     ~~
  127 |                                                     GTK_DIALOG_DESTROY_WITH_PARENT,
      |                                                     ~~~~~~~~~~~~~~~~~~~~~~~~~~~~~~~
  128 |                                                     convertMnemonics(s).c_str(),
      |                                                     ~~~~~~~~~~~~~~~~~~~~~~~~~~~~
  129 |                                                     GTK_RESPONSE_NONE,
      |                                                     ~~~~~~~~~~~~~~~~~~
  130 |                                                     nullptr);
      |                                                     ~~~~~~~~
/usr/include/gtk-4.0/gtk/deprecated/gtkdialog.h:133:12: note: declared here
  133 | GtkWidget* gtk_dialog_new_with_buttons (const char      *title,
      |            ^~~~~~~~~~~~~~~~~~~~~~~~~~~
gtk/ap_RDFSemanticItemGTKInjected.h:132:59: warning: 'GtkWidget* gtk_dialog_get_content_area(GtkDialog*)' is deprecated [-Wdeprecated-declarations]
  132 |         xap_gtk_container_add (gtk_dialog_get_content_area( GTK_DIALOG (d)),
      |                                ~~~~~~~~~~~~~~~~~~~~~~~~~~~^~~~~~~~~~~~~~~~~
/usr/include/gtk-4.0/gtk/deprecated/gtkdialog.h:172:13: note: declared here
  172 | GtkWidget * gtk_dialog_get_content_area (GtkDialog *dialog);
      |             ^~~~~~~~~~~~~~~~~~~~~~~~~~~
gtk/ap_RDFSemanticItemGTKInjected.h: In instantiation of 'void AP_RDFSemanticItemGTKInjected<ParentClass>::showEditorWindow(const PD_RDFSemanticItemHandle&) [with ParentClass = AP_RDFLocation; PD_RDFSemanticItemHandle = std::shared_ptr<PD_RDFSemanticItem>]':
gtk/ap_RDFSemanticItemGTKInjected.h:85:10:   required from here
gtk/ap_RDFSemanticItemGTKInjected.h:92:52: warning: 'GtkWidget* gtk_dialog_new_with_buttons(const char*, GtkWindow*, GtkDialogFlags, const char*, ...)' is deprecated [-Wdeprecated-declarations]
   92 |         GtkWidget* d = gtk_dialog_new_with_buttons ("Message",
      |                        ~~~~~~~~~~~~~~~~~~~~~~~~~~~~^~~~~~~~~~~
   93 |                                                     0,
      |                                                     ~~
   94 |                                                     GTK_DIALOG_DESTROY_WITH_PARENT,
      |                                                     ~~~~~~~~~~~~~~~~~~~~~~~~~~~~~~~
   95 |                                                     convertMnemonics(s).c_str(),
      |                                                     ~~~~~~~~~~~~~~~~~~~~~~~~~~~~
   96 |                                                     GTK_RESPONSE_NONE,
      |                                                     ~~~~~~~~~~~~~~~~~~
   97 |                                                     nullptr);
      |                                                     ~~~~~~~~
/usr/include/gtk-4.0/gtk/deprecated/gtkdialog.h:133:12: note: declared here
  133 | GtkWidget* gtk_dialog_new_with_buttons (const char      *title,
      |            ^~~~~~~~~~~~~~~~~~~~~~~~~~~
gtk/ap_RDFSemanticItemGTKInjected.h:93:53: warning: zero as null pointer constant [-Wzero-as-null-pointer-constant]
   93 |                                                     0,
      |                                                     ^
gtk/ap_RDFSemanticItemGTKInjected.h:92:52: warning: 'GtkWidget* gtk_dialog_new_with_buttons(const char*, GtkWindow*, GtkDialogFlags, const char*, ...)' is deprecated [-Wdeprecated-declarations]
   92 |         GtkWidget* d = gtk_dialog_new_with_buttons ("Message",
      |                        ~~~~~~~~~~~~~~~~~~~~~~~~~~~~^~~~~~~~~~~
   93 |                                                     0,
      |                                                     ~~
   94 |                                                     GTK_DIALOG_DESTROY_WITH_PARENT,
      |                                                     ~~~~~~~~~~~~~~~~~~~~~~~~~~~~~~~
   95 |                                                     convertMnemonics(s).c_str(),
      |                                                     ~~~~~~~~~~~~~~~~~~~~~~~~~~~~
   96 |                                                     GTK_RESPONSE_NONE,
      |                                                     ~~~~~~~~~~~~~~~~~~
   97 |                                                     nullptr);
      |                                                     ~~~~~~~~
/usr/include/gtk-4.0/gtk/deprecated/gtkdialog.h:133:12: note: declared here
  133 | GtkWidget* gtk_dialog_new_with_buttons (const char      *title,
      |            ^~~~~~~~~~~~~~~~~~~~~~~~~~~
gtk/ap_RDFSemanticItemGTKInjected.h:111:59: warning: 'GtkWidget* gtk_dialog_get_content_area(GtkDialog*)' is deprecated [-Wdeprecated-declarations]
  111 |         xap_gtk_container_add (gtk_dialog_get_content_area( GTK_DIALOG (d)), w);
      |                                ~~~~~~~~~~~~~~~~~~~~~~~~~~~^~~~~~~~~~~~~~~~~
/usr/include/gtk-4.0/gtk/deprecated/gtkdialog.h:172:13: note: declared here
  172 | GtkWidget * gtk_dialog_get_content_area (GtkDialog *dialog);
      |             ^~~~~~~~~~~~~~~~~~~~~~~~~~~
gtk/ap_RDFSemanticItemGTKInjected.h:111:59: warning: 'GtkWidget* gtk_dialog_get_content_area(GtkDialog*)' is deprecated [-Wdeprecated-declarations]
  111 |         xap_gtk_container_add (gtk_dialog_get_content_area( GTK_DIALOG (d)), w);
      |                                ~~~~~~~~~~~~~~~~~~~~~~~~~~~^~~~~~~~~~~~~~~~~
/usr/include/gtk-4.0/gtk/deprecated/gtkdialog.h:172:13: note: declared here
  172 | GtkWidget * gtk_dialog_get_content_area (GtkDialog *dialog);
      |             ^~~~~~~~~~~~~~~~~~~~~~~~~~~
gtk/ap_RDFSemanticItemGTKInjected.h: In instantiation of 'void AP_RDFSemanticItemGTKInjected<ParentClass>::showEditorWindow(const PD_RDFSemanticItems&) [with ParentClass = AP_RDFLocation; PD_RDFSemanticItems = std::__cxx11::list<std::shared_ptr<PD_RDFSemanticItem> >]':
gtk/ap_RDFSemanticItemGTKInjected.h:118:10:   required from here
gtk/ap_RDFSemanticItemGTKInjected.h:125:52: warning: 'GtkWidget* gtk_dialog_new_with_buttons(const char*, GtkWindow*, GtkDialogFlags, const char*, ...)' is deprecated [-Wdeprecated-declarations]
  125 |         GtkWidget* d = gtk_dialog_new_with_buttons ("Message",
      |                        ~~~~~~~~~~~~~~~~~~~~~~~~~~~~^~~~~~~~~~~
  126 |                                                     0,
      |                                                     ~~
  127 |                                                     GTK_DIALOG_DESTROY_WITH_PARENT,
      |                                                     ~~~~~~~~~~~~~~~~~~~~~~~~~~~~~~~
  128 |                                                     convertMnemonics(s).c_str(),
      |                                                     ~~~~~~~~~~~~~~~~~~~~~~~~~~~~
  129 |                                                     GTK_RESPONSE_NONE,
      |                                                     ~~~~~~~~~~~~~~~~~~
  130 |                                                     nullptr);
      |                                                     ~~~~~~~~
/usr/include/gtk-4.0/gtk/deprecated/gtkdialog.h:133:12: note: declared here
  133 | GtkWidget* gtk_dialog_new_with_buttons (const char      *title,
      |            ^~~~~~~~~~~~~~~~~~~~~~~~~~~
gtk/ap_RDFSemanticItemGTKInjected.h:126:53: warning: zero as null pointer constant [-Wzero-as-null-pointer-constant]
  126 |                                                     0,
      |                                                     ^
gtk/ap_RDFSemanticItemGTKInjected.h:125:52: warning: 'GtkWidget* gtk_dialog_new_with_buttons(const char*, GtkWindow*, GtkDialogFlags, const char*, ...)' is deprecated [-Wdeprecated-declarations]
  125 |         GtkWidget* d = gtk_dialog_new_with_buttons ("Message",
      |                        ~~~~~~~~~~~~~~~~~~~~~~~~~~~~^~~~~~~~~~~
  126 |                                                     0,
      |                                                     ~~
  127 |                                                     GTK_DIALOG_DESTROY_WITH_PARENT,
      |                                                     ~~~~~~~~~~~~~~~~~~~~~~~~~~~~~~~
  128 |                                                     convertMnemonics(s).c_str(),
      |                                                     ~~~~~~~~~~~~~~~~~~~~~~~~~~~~
  129 |                                                     GTK_RESPONSE_NONE,
      |                                                     ~~~~~~~~~~~~~~~~~~
  130 |                                                     nullptr);
      |                                                     ~~~~~~~~
/usr/include/gtk-4.0/gtk/deprecated/gtkdialog.h:133:12: note: declared here
  133 | GtkWidget* gtk_dialog_new_with_buttons (const char      *title,
      |            ^~~~~~~~~~~~~~~~~~~~~~~~~~~
gtk/ap_RDFSemanticItemGTKInjected.h:132:59: warning: 'GtkWidget* gtk_dialog_get_content_area(GtkDialog*)' is deprecated [-Wdeprecated-declarations]
  132 |         xap_gtk_container_add (gtk_dialog_get_content_area( GTK_DIALOG (d)),
      |                                ~~~~~~~~~~~~~~~~~~~~~~~~~~~^~~~~~~~~~~~~~~~~
/usr/include/gtk-4.0/gtk/deprecated/gtkdialog.h:172:13: note: declared here
  172 | GtkWidget * gtk_dialog_get_content_area (GtkDialog *dialog);
      |             ^~~~~~~~~~~~~~~~~~~~~~~~~~~
gtk/ap_RDFSemanticItemGTKInjected.h:132:59: warning: 'GtkWidget* gtk_dialog_get_content_area(GtkDialog*)' is deprecated [-Wdeprecated-declarations]
  132 |         xap_gtk_container_add (gtk_dialog_get_content_area( GTK_DIALOG (d)),
      |                                ~~~~~~~~~~~~~~~~~~~~~~~~~~~^~~~~~~~~~~~~~~~~
/usr/include/gtk-4.0/gtk/deprecated/gtkdialog.h:172:13: note: declared here
  172 | GtkWidget * gtk_dialog_get_content_area (GtkDialog *dialog);
      |             ^~~~~~~~~~~~~~~~~~~~~~~~~~~
In file included from /usr/include/glib-2.0/gobject/gobject.h:30,
                 from /usr/include/glib-2.0/gobject/gbinding.h:31,
                 from /usr/include/glib-2.0/glib-object.h:24,
                 from /usr/include/gtk-4.0/gtk/css/gtkcssenumtypes.h:11,
                 from /usr/include/gtk-4.0/gtk/css/gtkcss.h:33,
                 from /usr/include/gtk-4.0/gtk/gtk.h:29:
gtk/ap_RDFSemanticItemGTKInjected.h:160:86: warning: zero as null pointer constant [-Wzero-as-null-pointer-constant]
  160 |         g_signal_connect (G_OBJECT(d), "response",  G_CALLBACK(OnSemItemListEdited), 0 );
/usr/include/glib-2.0/gobject/gsignal.h:519:73: note: in definition of macro 'g_signal_connect'
  519 |     g_signal_connect_data ((instance), (detailed_signal), (c_handler), (data), NULL, (GConnectFlags) 0)
      |                                                                         ^~~~
  CXX      gtk/ap_UnixDialog_Spell.lo
  CXX      gtk/ap_UnixStatusBar.lo
In file included from gtk/ap_RDFSemanticItemGTKInjected.cpp:22:
gtk/ap_RDFSemanticItemGTKInjected.h: In member function 'void AP_RDFSemanticItemGTKInjected<ParentClass>::showEditorWindow(const PD_RDFSemanticItemHandle&)':
gtk/ap_RDFSemanticItemGTKInjected.h:92:52: warning: 'GtkWidget* gtk_dialog_new_with_buttons(const char*, GtkWindow*, GtkDialogFlags, const char*, ...)' is deprecated [-Wdeprecated-declarations]
   92 |         GtkWidget* d = gtk_dialog_new_with_buttons ("Message",
      |                        ~~~~~~~~~~~~~~~~~~~~~~~~~~~~^~~~~~~~~~~
   93 |                                                     0,
      |                                                     ~~
   94 |                                                     GTK_DIALOG_DESTROY_WITH_PARENT,
      |                                                     ~~~~~~~~~~~~~~~~~~~~~~~~~~~~~~~
   95 |                                                     convertMnemonics(s).c_str(),
      |                                                     ~~~~~~~~~~~~~~~~~~~~~~~~~~~~
   96 |                                                     GTK_RESPONSE_NONE,
      |                                                     ~~~~~~~~~~~~~~~~~~
   97 |                                                     nullptr);
      |                                                     ~~~~~~~~
In file included from /usr/include/gtk-4.0/gtk/deprecated/gtkappchooserdialog.h:31,
                 from /usr/include/gtk-4.0/gtk/gtk.h:43,
                 from gtk/GTKCommon.h:28,
                 from gtk/ap_RDFSemanticItemGTKInjected.cpp:21:
/usr/include/gtk-4.0/gtk/deprecated/gtkdialog.h:133:12: note: declared here
  133 | GtkWidget* gtk_dialog_new_with_buttons (const char      *title,
      |            ^~~~~~~~~~~~~~~~~~~~~~~~~~~
gtk/ap_RDFSemanticItemGTKInjected.h:111:59: warning: 'GtkWidget* gtk_dialog_get_content_area(GtkDialog*)' is deprecated [-Wdeprecated-declarations]
  111 |         xap_gtk_container_add (gtk_dialog_get_content_area( GTK_DIALOG (d)), w);
      |                                ~~~~~~~~~~~~~~~~~~~~~~~~~~~^~~~~~~~~~~~~~~~~
/usr/include/gtk-4.0/gtk/deprecated/gtkdialog.h:172:13: note: declared here
  172 | GtkWidget * gtk_dialog_get_content_area (GtkDialog *dialog);
      |             ^~~~~~~~~~~~~~~~~~~~~~~~~~~
gtk/ap_RDFSemanticItemGTKInjected.h: In member function 'void AP_RDFSemanticItemGTKInjected<ParentClass>::showEditorWindow(const PD_RDFSemanticItems&)':
gtk/ap_RDFSemanticItemGTKInjected.h:125:52: warning: 'GtkWidget* gtk_dialog_new_with_buttons(const char*, GtkWindow*, GtkDialogFlags, const char*, ...)' is deprecated [-Wdeprecated-declarations]
  125 |         GtkWidget* d = gtk_dialog_new_with_buttons ("Message",
      |                        ~~~~~~~~~~~~~~~~~~~~~~~~~~~~^~~~~~~~~~~
  126 |                                                     0,
      |                                                     ~~
  127 |                                                     GTK_DIALOG_DESTROY_WITH_PARENT,
      |                                                     ~~~~~~~~~~~~~~~~~~~~~~~~~~~~~~~
  128 |                                                     convertMnemonics(s).c_str(),
      |                                                     ~~~~~~~~~~~~~~~~~~~~~~~~~~~~
  129 |                                                     GTK_RESPONSE_NONE,
      |                                                     ~~~~~~~~~~~~~~~~~~
  130 |                                                     nullptr);
      |                                                     ~~~~~~~~
/usr/include/gtk-4.0/gtk/deprecated/gtkdialog.h:133:12: note: declared here
  133 | GtkWidget* gtk_dialog_new_with_buttons (const char      *title,
      |            ^~~~~~~~~~~~~~~~~~~~~~~~~~~
gtk/ap_RDFSemanticItemGTKInjected.h:132:59: warning: 'GtkWidget* gtk_dialog_get_content_area(GtkDialog*)' is deprecated [-Wdeprecated-declarations]
  132 |         xap_gtk_container_add (gtk_dialog_get_content_area( GTK_DIALOG (d)),
      |                                ~~~~~~~~~~~~~~~~~~~~~~~~~~~^~~~~~~~~~~~~~~~~
/usr/include/gtk-4.0/gtk/deprecated/gtkdialog.h:172:13: note: declared here
  172 | GtkWidget * gtk_dialog_get_content_area (GtkDialog *dialog);
      |             ^~~~~~~~~~~~~~~~~~~~~~~~~~~
In file included from ../../../src/af/util/xp/ut_stringbuf.h:33,
                 from ../../../src/af/util/xp/ut_string_class.h:43,
                 from ../../../src/af/gr/xp/gr_CairoGraphics.h:34,
                 from gtk/abiwidget.cpp:36:
../../../src/af/gr/xp/gr_RenderInfo.h: In member function 'UT_uint32 GR_Itemization::getNthLength(UT_sint32)':
../../../src/af/gr/xp/gr_RenderInfo.h:143:75: warning: comparison of integer expressions of different signedness: 'UT_sint32' {aka 'int'} and 'std::vector<int>::size_type' {aka 'long unsigned int'} [-Wsign-compare]
  143 |                                                   UT_return_val_if_fail(i < m_vOffsets.size()-1, 0);
      |                                                                         ~~^~~~~~~~~~~~~~~~~~~~~
../../../src/af/util/xp/ut_assert.h:108:48: note: in definition of macro 'UT_return_val_if_fail'
  108 | #define UT_return_val_if_fail(cond, val) if (!(cond)) { UT_ASSERT(cond); return (val); }
      |                                                ^~~~
gtk/ap_UnixStatusBar.cpp: In member function 'GtkWidget* AP_UnixStatusBar::createWidget()':
gtk/ap_UnixStatusBar.cpp:232:30: warning: comparison of integer expressions of different signedness: 'UT_sint32' {aka 'int'} and 'std::vector<AP_StatusBarField*>::size_type' {aka 'long unsigned int'} [-Wsign-compare]
  232 |         for (UT_sint32 k=0; k<getFields()->size(); k++) {
      |                             ~^~~~~~~~~~~~~~~~~~~~
gtk/ap_UnixDialog_Spell.cpp: In function 'void s_button_clicked(GtkButton*, gpointer)':
gtk/ap_UnixDialog_Spell.cpp:98:36: warning: 'void gtk_dialog_response(GtkDialog*, int)' is deprecated [-Wdeprecated-declarations]
   98 |                 gtk_dialog_response(GTK_DIALOG(dlg), GPOINTER_TO_INT(data));
      |                 ~~~~~~~~~~~~~~~~~~~^~~~~~~~~~~~~~~~~~~~~~~~~~~~~~~~~~~~~~~~
In file included from /usr/include/gtk-4.0/gtk/deprecated/gtkappchooserdialog.h:31,
                 from /usr/include/gtk-4.0/gtk/gtk.h:43,
                 from ../../../src/af/xap/gtk/xap_UnixDialogHelper.h:23,
                 from gtk/ap_UnixDialog_Spell.cpp:29:
/usr/include/gtk-4.0/gtk/deprecated/gtkdialog.h:168:6: note: declared here
  168 | void gtk_dialog_response           (GtkDialog *dialog,
      |      ^~~~~~~~~~~~~~~~~~~
gtk/ap_UnixDialog_Spell.cpp: In member function 'GtkWidget* AP_UnixDialog_Spell::_constructWindow()':
gtk/ap_UnixDialog_Spell.cpp:214:58: warning: 'GtkWidget* gtk_dialog_get_content_area(GtkDialog*)' is deprecated [-Wdeprecated-declarations]
  214 |         GtkWidget * content = gtk_dialog_get_content_area(GTK_DIALOG(m_wDialog));
      |                               ~~~~~~~~~~~~~~~~~~~~~~~~~~~^~~~~~~~~~~~~~~~~~~~~~~
/usr/include/gtk-4.0/gtk/deprecated/gtkdialog.h:172:13: note: declared here
  172 | GtkWidget * gtk_dialog_get_content_area (GtkDialog *dialog);
      |             ^~~~~~~~~~~~~~~~~~~~~~~~~~~
gtk/abiwidget.cpp: In function 'GdkPixbuf* abi_widget_render_page_to_image(AbiWidget*, int)':
gtk/abiwidget.cpp:1578:56: warning: 'GdkPixbuf* gdk_pixbuf_get_from_surface(cairo_surface_t*, int, int, int, int)' is deprecated [-Wdeprecated-declarations]
 1578 |         GdkPixbuf *pixbuf = gdk_pixbuf_get_from_surface(surface, 0, 0, iWidth, iHeight);
      |                             ~~~~~~~~~~~~~~~~~~~~~~~~~~~^~~~~~~~~~~~~~~~~~~~~~~~~~~~~~~~
In file included from /usr/include/gtk-4.0/gdk/gdkcairo.h:25,
                 from /usr/include/gtk-4.0/gdk/gdk.h:30,
                 from /usr/include/gtk-4.0/gtk/gtk.h:30,
                 from gtk/abiwidget.h:27,
                 from gtk/abiwidget.cpp:34:
/usr/include/gtk-4.0/gdk/deprecated/gdkpixbuf.h:37:12: note: declared here
   37 | GdkPixbuf *gdk_pixbuf_get_from_surface (cairo_surface_t *surface,
      |            ^~~~~~~~~~~~~~~~~~~~~~~~~~~
gtk/ap_UnixDialog_Spell.cpp: In member function 'void AP_UnixDialog_Spell::_updateWindow()':
gtk/ap_UnixDialog_Spell.cpp:418:41: warning: comparison of integer expressions of different signedness: 'UT_sint32' {aka 'int'} and 'std::vector<unsigned int*>::size_type' {aka 'long unsigned int'} [-Wsign-compare]
  418 |                 for (UT_sint32 i = 0; i < m_Suggestions->size(); i++)
      |                                       ~~^~~~~~~~~~~~~~~~~~~~~~~
gtk/ap_UnixDialog_Spell.cpp: In member function 'void AP_UnixDialog_Spell::onSuggestionActivated()':
gtk/ap_UnixDialog_Spell.cpp:537:28: warning: 'void gtk_dialog_response(GtkDialog*, int)' is deprecated [-Wdeprecated-declarations]
  537 |         gtk_dialog_response(GTK_DIALOG(m_wDialog), SPELL_RESPONSE_CHANGE);
      |         ~~~~~~~~~~~~~~~~~~~^~~~~~~~~~~~~~~~~~~~~~~~~~~~~~~~~~~~~~~~~~~~~~
/usr/include/gtk-4.0/gtk/deprecated/gtkdialog.h:168:6: note: declared here
  168 | void gtk_dialog_response           (GtkDialog *dialog,
      |      ^~~~~~~~~~~~~~~~~~~
gtk/abiwidget.cpp: In function 'void abi_widget_size_allocate(GtkWidget*, int, int, int)':
gtk/abiwidget.cpp:2132:61: warning: 'GtkStyleContext* gtk_widget_get_style_context(GtkWidget*)' is deprecated [-Wdeprecated-declarations]
 2132 |         GtkStyleContext *ctxt = gtk_widget_get_style_context(widget);
      |                                 ~~~~~~~~~~~~~~~~~~~~~~~~~~~~^~~~~~~~
In file included from /usr/include/gtk-4.0/gtk/gtkapplication.h:26,
                 from /usr/include/gtk-4.0/gtk/gtkwindow.h:32,
                 from /usr/include/gtk-4.0/gtk/gtkaboutdialog.h:29,
                 from /usr/include/gtk-4.0/gtk/gtk.h:33:
/usr/include/gtk-4.0/gtk/gtkwidget.h:710:19: note: declared here
  710 | GtkStyleContext * gtk_widget_get_style_context (GtkWidget *widget);
      |                   ^~~~~~~~~~~~~~~~~~~~~~~~~~~~
gtk/abiwidget.cpp:2134:38: warning: 'void gtk_style_context_get_padding(GtkStyleContext*, GtkBorder*)' is deprecated [-Wdeprecated-declarations]
 2134 |         gtk_style_context_get_padding(ctxt, &border);
      |         ~~~~~~~~~~~~~~~~~~~~~~~~~~~~~^~~~~~~~~~~~~~~
In file included from /usr/include/gtk-4.0/gtk/gtk.h:267:
/usr/include/gtk-4.0/gtk/deprecated/gtkstylecontext.h:118:6: note: declared here
  118 | void gtk_style_context_get_padding          (GtkStyleContext *context,
      |      ^~~~~~~~~~~~~~~~~~~~~~~~~~~~~
  CXXLD    libap.la
make[4]: Leaving directory '/home/szefi/Documents/exp-abi/src/wp/ap'
make[3]: Leaving directory '/home/szefi/Documents/exp-abi/src/wp/ap'
Making all in impexp
make[3]: Entering directory '/home/szefi/Documents/exp-abi/src/wp/impexp'
  CXX      xp/ie_exp_Abinova_1.lo
  CXX      xp/ie_exp_AWT.lo
  CXX      xp/ie_exp.lo
  CXX      xp/ie_exp_HTML.lo
  CXX      xp/ie_exp_HTML_DocumentWriter.lo
  CXX      xp/ie_exp_HTML_StyleTree.lo
  CXX      xp/ie_exp_HTML_util.lo
  CXX      xp/ie_exp_HTML_UtilListeners.lo
  CXX      xp/ie_exp_HTML_Listener.lo
  CXX      xp/ie_exp_HTML_NavigationHelper.lo
  CXX      xp/ie_exp_RTF_AttrProp.lo
  CXX      xp/ie_exp_RTF.lo
  CXX      xp/ie_exp_RTF_listenerGetProps.lo
  CXX      xp/ie_exp_RTF_listenerWriteDoc.lo
  CXX      xp/ie_exp_Markdown.lo
In file included from xp/ie_exp_RTF.cpp:55:
/home/szefi/Documents/exp-abi/thirdparty/wv-1.2.9/wv.h:4393:10: warning: redundant redeclaration of 'void wvClearTableLevel(wvParseStruct*, int)' in same scope [-Wredundant-decls]
 4393 |     void wvClearTableLevel (wvParseStruct * ps, int depth);
      |          ^~~~~~~~~~~~~~~~~
/home/szefi/Documents/exp-abi/thirdparty/wv-1.2.9/wv.h:3073:10: note: previous declaration of 'void wvClearTableLevel(wvParseStruct*, int)'
 3073 |     void wvClearTableLevel (wvParseStruct * ps, int depth);
      |          ^~~~~~~~~~~~~~~~~
xp/ie_exp_RTF.cpp: In member function 'UT_uint32 ie_exp_RTF_MsWord97ListMulti::getMatchingID(UT_uint32) const':
xp/ie_exp_RTF.cpp:3431:45: warning: comparison of integer expressions of different signedness: 'UT_sint32' {aka 'int'} and 'std::vector<ie_exp_RTF_MsWord97List*>::size_type' {aka 'long unsigned int'} [-Wsign-compare]
 3431 |                 for(j=0; m_vLevels[i] && (j < m_vLevels[i]->size()) && !bFound; j++)
      |                                           ~~^~~~~~~~~~~~~~~~~~~~~~
  CXX      xp/ie_exp_LaTeX.lo
xp/ie_exp_RTF_listenerWriteDoc.cpp: In member function 'void s_RTF_ListenerWriteDoc::_newRow()':
xp/ie_exp_RTF_listenerWriteDoc.cpp:3799:65: warning: comparison of integer expressions of different signedness: 'UT_sint32' {aka 'int'} and 'std::vector<fl_ColProps*>::size_type' {aka 'long unsigned int'} [-Wsign-compare]
 3799 |                         for(j= 0; (j< m_Table.getRight()) && (j < vecColProps.size()); j++)
      |                                                               ~~^~~~~~~~~~~~~~~~~~~~
  CXX      xp/ie_exp_Text.lo
  CXX      xp/ie_exp_XML.lo
  CXX      xp/ut_abwncrypt.lo
  CXX      xp/ie_FileInfo.lo
  CXX      xp/ie_imp_Abinova_1.lo
  CXX      xp/ie_imp.lo
  CXX      xp/ie_impexp_Register.lo
xp/ut_abwncrypt.cpp: In function 'bool ut_evp_resolve(UT_EvpApi&, const char*)':
xp/ut_abwncrypt.cpp:190:56: warning: unused parameter 'libname' [-Wunused-parameter]
  190 | static bool ut_evp_resolve(UT_EvpApi & a, const char * libname)
      |                                           ~~~~~~~~~~~~~^~~~~~~
  CXX      xp/ie_imp_GraphicAsDocument.lo
xp/ie_imp.cpp: In static member function 'static const std::vector<std::__cxx11::basic_string<char> >& IE_Imp::getSupportedMimeTypes()':
xp/ie_imp.cpp:372:33: warning: comparison of integer expressions of different signedness: 'UT_sint32' {aka 'int'} and 'std::vector<IE_ImpSniffer*>::size_type' {aka 'long unsigned int'} [-Wsign-compare]
  372 |         for (UT_sint32 i = 0; i < IE_IMP_Sniffers.size(); i++) {
      |                               ~~^~~~~~~~~~~~~~~~~~~~~~~~
xp/ie_imp.cpp: In static member function 'static const std::vector<std::__cxx11::basic_string<char> >& IE_Imp::getSupportedMimeClasses()':
xp/ie_imp.cpp:398:33: warning: comparison of integer expressions of different signedness: 'UT_sint32' {aka 'int'} and 'std::vector<IE_ImpSniffer*>::size_type' {aka 'long unsigned int'} [-Wsign-compare]
  398 |         for (UT_sint32 i = 0; i < IE_IMP_Sniffers.size(); i++) {
      |                               ~~^~~~~~~~~~~~~~~~~~~~~~~~
xp/ie_imp.cpp: In static member function 'static const std::vector<std::__cxx11::basic_string<char> >& IE_Imp::getSupportedSuffixes()':
xp/ie_imp.cpp:424:33: warning: comparison of integer expressions of different signedness: 'UT_sint32' {aka 'int'} and 'std::vector<IE_ImpSniffer*>::size_type' {aka 'long unsigned int'} [-Wsign-compare]
  424 |         for (UT_sint32 i = 0; i < IE_IMP_Sniffers.size(); i++) {
      |                               ~~^~~~~~~~~~~~~~~~~~~~~~~~
xp/ie_imp.cpp: In static member function 'static const char* IE_Imp::getMimeTypeForSuffix(const char*)':
xp/ie_imp.cpp:451:33: warning: comparison of integer expressions of different signedness: 'UT_sint32' {aka 'int'} and 'std::vector<IE_ImpSniffer*>::size_type' {aka 'long unsigned int'} [-Wsign-compare]
  451 |         for (UT_sint32 i = 0; i < IE_IMP_Sniffers.size(); i++) {
      |                               ~~^~~~~~~~~~~~~~~~~~~~~~~~
  CXX      xp/ie_impGraphic.lo
  CXX      xp/ie_impGraphic_PNG.lo
  CXX      xp/ie_impGraphic_SVG.lo
  CXX      xp/ie_imp_MsWord_97.lo
In file included from xp/ie_imp_MsWord_97.cpp:38:
/home/szefi/Documents/exp-abi/thirdparty/wv-1.2.9/wv.h:4393:10: warning: redundant redeclaration of 'void wvClearTableLevel(wvParseStruct*, int)' in same scope [-Wredundant-decls]
 4393 |     void wvClearTableLevel (wvParseStruct * ps, int depth);
      |          ^~~~~~~~~~~~~~~~~
/home/szefi/Documents/exp-abi/thirdparty/wv-1.2.9/wv.h:3073:10: note: previous declaration of 'void wvClearTableLevel(wvParseStruct*, int)'
 3073 |     void wvClearTableLevel (wvParseStruct * ps, int depth);
      |          ^~~~~~~~~~~~~~~~~
xp/ie_impGraphic.cpp: In static member function 'static const std::vector<std::__cxx11::basic_string<char> >& IE_ImpGraphic::getSupportedMimeTypes()':
xp/ie_impGraphic.cpp:100:33: warning: comparison of integer expressions of different signedness: 'UT_sint32' {aka 'int'} and 'std::vector<IE_ImpGraphicSniffer*>::size_type' {aka 'long unsigned int'} [-Wsign-compare]
  100 |         for (UT_sint32 i = 0; i < IE_IMP_GraphicSniffers.size(); i++) {
      |                               ~~^~~~~~~~~~~~~~~~~~~~~~~~~~~~~~~
xp/ie_impGraphic.cpp: In static member function 'static const std::vector<std::__cxx11::basic_string<char> >& IE_ImpGraphic::getSupportedMimeClasses()':
xp/ie_impGraphic.cpp:126:33: warning: comparison of integer expressions of different signedness: 'UT_sint32' {aka 'int'} and 'std::vector<IE_ImpGraphicSniffer*>::size_type' {aka 'long unsigned int'} [-Wsign-compare]
  126 |         for (UT_sint32 i = 0; i < IE_IMP_GraphicSniffers.size(); i++) {
      |                               ~~^~~~~~~~~~~~~~~~~~~~~~~~~~~~~~~
xp/ie_impGraphic.cpp: In static member function 'static const std::vector<std::__cxx11::basic_string<char> >& IE_ImpGraphic::getSupportedSuffixes()':
xp/ie_impGraphic.cpp:152:33: warning: comparison of integer expressions of different signedness: 'UT_sint32' {aka 'int'} and 'std::vector<IE_ImpGraphicSniffer*>::size_type' {aka 'long unsigned int'} [-Wsign-compare]
  152 |         for (UT_sint32 i = 0; i < IE_IMP_GraphicSniffers.size(); i++) {
      |                               ~~^~~~~~~~~~~~~~~~~~~~~~~~~~~~~~~
xp/ie_impGraphic.cpp: In static member function 'static const char* IE_ImpGraphic::getMimeTypeForSuffix(const char*)':
xp/ie_impGraphic.cpp:190:33: warning: comparison of integer expressions of different signedness: 'UT_sint32' {aka 'int'} and 'std::vector<IE_ImpGraphicSniffer*>::size_type' {aka 'long unsigned int'} [-Wsign-compare]
  190 |         for (UT_sint32 i = 0; i < IE_IMP_GraphicSniffers.size(); i++) {
      |                               ~~^~~~~~~~~~~~~~~~~~~~~~~~~~~~~~~
xp/ie_impGraphic.cpp: In static member function 'static UT_Error IE_ImpGraphic::constructImporter(const UT_ConstByteBufPtr&, IEGraphicFileType, IE_ImpGraphic**)':
xp/ie_impGraphic.cpp:422:32: warning: comparison of integer expressions of different signedness: 'UT_sint32' {aka 'int'} and 'std::vector<IE_ImpGraphicSniffer*>::size_type' {aka 'long unsigned int'} [-Wsign-compare]
  422 |         for (UT_sint32 k=0; (k < IE_IMP_GraphicSniffers.size()); k++)
      |                              ~~^~~~~~~~~~~~~~~~~~~~~~~~~~~~~~~
  CXX      xp/ie_imp_PasteListener.lo
  CXX      xp/ie_imp_RTF.lo
  CXX      xp/ie_imp_RTFObjectsAndPicts.lo
xp/ie_imp_MsWord_97.cpp: In member function 'void IE_Imp_MsWord_97::_flush()':
xp/ie_imp_MsWord_97.cpp:1400:28: warning: comparison of integer expressions of different signedness: 'UT_sint32' {aka 'int'} and 'std::vector<emObject*>::size_type' {aka 'long unsigned int'} [-Wsign-compare]
 1400 |                   for(i=0;i< m_vecEmObjects.size(); i++)
      |                           ~^~~~~~~~~~~~~~~~~~~~~~~
xp/ie_imp_MsWord_97.cpp: In member function 'bool IE_Imp_MsWord_97::_build_ColumnWidths(MsTableCtx*, std::vector<int>&)':
xp/ie_imp_MsWord_97.cpp:5726:30: warning: comparison of integer expressions of different signedness: 'std::vector<int>::size_type' {aka 'long unsigned int'} and 'UT_sint32' {aka 'int'} [-Wsign-compare]
 5726 |         if((colWidths.size() == iMaxRight) && _isVectorFull(colWidths))
      |             ~~~~~~~~~~~~~~~~~^~~~~~~~~~~~
xp/ie_imp_MsWord_97.cpp:5730:29: warning: comparison of integer expressions of different signedness: 'std::vector<int>::size_type' {aka 'long unsigned int'} and 'UT_sint32' {aka 'int'} [-Wsign-compare]
 5730 |         if(colWidths.size() < iMaxRight)
      |            ~~~~~~~~~~~~~~~~~^~~~~~~~~~~
xp/ie_imp_MsWord_97.cpp: In member function 'bool IE_Imp_MsWord_97::_isVectorFull(std::vector<int>&)':
xp/ie_imp_MsWord_97.cpp:5865:18: warning: comparison of integer expressions of different signedness: 'UT_sint32' {aka 'int'} and 'std::vector<int>::size_type' {aka 'long unsigned int'} [-Wsign-compare]
 5865 |         for(i=0;i< vec.size() ; i++)
      |                 ~^~~~~~~~~~~~
xp/ie_imp_MsWord_97.cpp: In member function 'void IE_Imp_MsWord_97::_table_close(const wvParseStruct*, const PAP*, MsTableCtx*)':
xp/ie_imp_MsWord_97.cpp:5896:43: warning: comparison of integer expressions of different signedness: 'UT_sint32' {aka 'int'} and 'std::vector<int>::size_type' {aka 'long unsigned int'} [-Wsign-compare]
 5896 |                   for (UT_sint32 i = 0; i < colWidths.size(); i++)
      |                                         ~~^~~~~~~~~~~~~~~~~~
xp/ie_imp_MsWord_97.cpp: In member function 'bool IE_Imp_MsWord_97::_findNextTextboxSection()':
xp/ie_imp_MsWord_97.cpp:9150:32: warning: comparison of integer expressions of different signedness: 'UT_sint32' {aka 'int'} and 'std::vector<textboxPos*>::size_type' {aka 'long unsigned int'} [-Wsign-compare]
 9150 |         for(UT_sint32 i = 0; i < m_vecTextboxPos.size(); i++)
      |                              ~~^~~~~~~~~~~~~~~~~~~~~~~~
xp/ie_imp_MsWord_97.cpp: In member function 'bool IE_Imp_MsWord_97::_appendStruxHdrFtr(PTStruxType, const PP_PropertyVector&)':
xp/ie_imp_MsWord_97.cpp:9356:32: warning: comparison of integer expressions of different signedness: 'UT_sint32' {aka 'int'} and 'std::vector<pf_Frag*>::size_type' {aka 'long unsigned int'} [-Wsign-compare]
 9356 |         for(UT_sint32 i = 0; i < m_pHeaders[m_iCurrentHeader].d.frag.size(); i++)
      |                              ~~^~~~~~~~~~~~~~~~~~~~~~~~~~~~~~~~~~~~~~~~~~~~
xp/ie_imp_MsWord_97.cpp: In member function 'bool IE_Imp_MsWord_97::_appendObjectHdrFtr(PTObjectType, const PP_PropertyVector&)':
xp/ie_imp_MsWord_97.cpp:9385:32: warning: comparison of integer expressions of different signedness: 'UT_sint32' {aka 'int'} and 'std::vector<pf_Frag*>::size_type' {aka 'long unsigned int'} [-Wsign-compare]
 9385 |         for(UT_sint32 i = 0; i < m_pHeaders[m_iCurrentHeader].d.frag.size(); i++)
      |                              ~~^~~~~~~~~~~~~~~~~~~~~~~~~~~~~~~~~~~~~~~~~~~~
xp/ie_imp_MsWord_97.cpp: In member function 'bool IE_Imp_MsWord_97::_appendSpanHdrFtr(const UT_UCS4Char*, UT_uint32)':
xp/ie_imp_MsWord_97.cpp:9410:32: warning: comparison of integer expressions of different signedness: 'UT_sint32' {aka 'int'} and 'std::vector<pf_Frag*>::size_type' {aka 'long unsigned int'} [-Wsign-compare]
 9410 |         for(UT_sint32 i = 0; i < m_pHeaders[m_iCurrentHeader].d.frag.size(); i++)
      |                              ~~^~~~~~~~~~~~~~~~~~~~~~~~~~~~~~~~~~~~~~~~~~~~
xp/ie_imp_MsWord_97.cpp: In member function 'bool IE_Imp_MsWord_97::_insertHeaderSection(bool)':
xp/ie_imp_MsWord_97.cpp:9720:41: warning: comparison of integer expressions of different signedness: 'UT_sint32' {aka 'int'} and 'std::vector<header*>::size_type' {aka 'long unsigned int'} [-Wsign-compare]
 9720 |                 for (UT_sint32 i = 0; i < m_pHeaders[m_iCurrentHeader].d.hdr.size(); i++)
      |                                       ~~^~~~~~~~~~~~~~~~~~~~~~~~~~~~~~~~~~~~~~~~~~~
xp/ie_imp_RTF.cpp:9250:18: warning: #warning (maybe not the right behaviour) [-Wcpp]
 9250 |                 #warning(maybe not the right behaviour)
      |                  ^~~~~~~
  CXX      xp/ie_imp_RTFParse.lo
In file included from xp/ie_imp_RTF.cpp:76:
/home/szefi/Documents/exp-abi/thirdparty/wv-1.2.9/wv.h:4393:10: warning: redundant redeclaration of 'void wvClearTableLevel(wvParseStruct*, int)' in same scope [-Wredundant-decls]
 4393 |     void wvClearTableLevel (wvParseStruct * ps, int depth);
      |          ^~~~~~~~~~~~~~~~~
/home/szefi/Documents/exp-abi/thirdparty/wv-1.2.9/wv.h:3073:10: note: previous declaration of 'void wvClearTableLevel(wvParseStruct*, int)'
 3073 |     void wvClearTableLevel (wvParseStruct * ps, int depth);
      |          ^~~~~~~~~~~~~~~~~
xp/ie_imp_RTF.cpp: In member function 'void IE_Imp_RTF::HandleCell()':
xp/ie_imp_RTF.cpp:1978:27: warning: comparison of integer expressions of different signedness: 'UT_sint32' {aka 'int'} and 'std::vector<ie_imp_cell*>::size_type' {aka 'long unsigned int'} [-Wsign-compare]
 1978 |                 for(i=0; i< vecOldCells.size();i++)
      |                          ~^~~~~~~~~~~~~~~~~~~~
xp/ie_imp_RTF.cpp:1988:27: warning: comparison of integer expressions of different signedness: 'UT_sint32' {aka 'int'} and 'std::vector<ie_imp_cell*>::size_type' {aka 'long unsigned int'} [-Wsign-compare]
 1988 |                 for(i=0; i< vecCopyCells.size();i++)
      |                          ~^~~~~~~~~~~~~~~~~~~~~
  CXX      xp/ie_imp_Markdown.lo
  CXX      xp/ut_mermaid.lo
  CXX      xp/ie_imp_LaTeX.lo
  CXX      xp/ie_imp_Text.lo
  CXX      xp/ie_imp_RDF.lo
  CXX      xp/ie_imp_XHTML.lo
  CXX      xp/ie_imp_XML.lo
  CXX      xp/ie_math_convert.lo
  CXX      xp/ie_Table.lo
  CXX      xp/ie_TOC.lo
  CXX      xp/ie_exp_DocRangeListener.lo
  CC       odf/common/xp/crypto/blowfish/bf_cfb64.lo
  CC       odf/common/xp/crypto/blowfish/bf_enc.lo
  CC       odf/common/xp/crypto/blowfish/bf_skey.lo
  CC       odf/common/xp/crypto/gc-pbkdf2-sha1.lo
  CC       odf/common/xp/crypto/hmac-sha1.lo
  CC       odf/common/xp/crypto/memxor.lo
  CC       odf/common/xp/crypto/sha1.lo
  CXX      odf/common/xp/ODc_Crypto.lo
  CXX      odf/common/xp/ODc_util.lo
  CXX      odf/exp/xp/ie_exp_OpenDocument.lo
  CXX      odf/exp/xp/ie_exp_OpenDocument_Sniffer.lo
  CXX      odf/exp/xp/ODe_AbiDocListener.lo
  CXX      odf/exp/xp/ODe_AbiDocListenerImpl.lo
  CXX      odf/exp/xp/ODe_AutomaticStyles.lo
  CXX      odf/exp/xp/ODe_AuxiliaryData.lo
odf/exp/xp/ODe_AuxiliaryData.cpp: In member function 'UT_uint8 ODe_HeadingStyles::getHeadingOutlineLevel(const UT_UTF8String&) const':
odf/exp/xp/ODe_AuxiliaryData.cpp:64:16: warning: comparison of integer expressions of different signedness: 'UT_sint32' {aka 'int'} and 'std::vector<UT_UTF8String*>::size_type' {aka 'long unsigned int'} [-Wsign-compare]
   64 |     for (i=0; i<m_styleNames.size() && outlineLevel==0; i++) {
      |               ~^~~~~~~~~~~~~~~~~~~~
  CXX      odf/exp/xp/ODe_Common.lo
  CXX      odf/exp/xp/ODe_DefaultStyles.lo
  CXX      odf/exp/xp/ODe_DocumentData.lo
  CXX      odf/exp/xp/ODe_FontFaceDecls.lo
  CXX      odf/exp/xp/ODe_Frame_Listener.lo
  CXX      odf/exp/xp/ODe_HeadingSearcher_Listener.lo
  CXX      odf/exp/xp/ODe_ListLevelStyle.lo
odf/exp/xp/ODe_DocumentData.cpp: In member function 'bool ODe_DocumentData::writeStylesXML(GsfOutfile*) const':
odf/exp/xp/ODe_DocumentData.cpp:224:15: warning: unused variable 'count' [-Wunused-variable]
  224 |     UT_uint32 count, i;
      |               ^~~~~
odf/exp/xp/ODe_DocumentData.cpp:224:22: warning: unused variable 'i' [-Wunused-variable]
  224 |     UT_uint32 count, i;
      |                      ^
  CXX      odf/exp/xp/ODe_Main_Listener.lo
  CXX      odf/exp/xp/ODe_ManifestWriter.lo
  CXX      odf/exp/xp/ODe_MetaDataWriter.lo
  CXX      odf/exp/xp/ODe_Note_Listener.lo
  CXX      odf/exp/xp/ODe_PicturesWriter.lo
  CXX      odf/exp/xp/ODe_RDFWriter.lo
  CXX      odf/exp/xp/ODe_SettingsWriter.lo
  CXX      odf/exp/xp/ODe_Style_List.lo
  CXX      odf/exp/xp/ODe_Style_MasterPage.lo
  CXX      odf/exp/xp/ODe_Style_PageLayout.lo
  CXX      odf/exp/xp/ODe_Styles.lo
odf/exp/xp/ODe_Style_List.cpp: In member function 'bool ODe_Style_List::write(GsfOutput*, const UT_UTF8String&) const':
odf/exp/xp/ODe_Style_List.cpp:52:15: warning: unused variable 'i' [-Wunused-variable]
   52 |     UT_uint32 i, count;
      |               ^
odf/exp/xp/ODe_Style_List.cpp:52:18: warning: unused variable 'count' [-Wunused-variable]
   52 |     UT_uint32 i, count;
      |                  ^~~~~
  CXX      odf/exp/xp/ODe_Style_Style.lo
  CXX      odf/exp/xp/ODe_Table_Listener.lo
odf/exp/xp/ODe_Styles.cpp: In member function 'bool ODe_Styles::_writeStyles(GsfOutput*, const std::unique_ptr<std::vector<ODe_Style_Style*> >&) const':
odf/exp/xp/ODe_Styles.cpp:211:29: warning: comparison of integer expressions of different signedness: 'UT_sint32' {aka 'int'} and 'std::vector<ODe_Style_Style*>::size_type' {aka 'long unsigned int'} [-Wsign-compare]
  211 |     for (UT_sint32 i = 0; i < pStyleVector->size(); i++) {
      |                           ~~^~~~~~~~~~~~~~~~~~~~~~
  CXX      odf/exp/xp/ODe_Text_Listener.lo
  CXX      odf/exp/xp/ODe_ThumbnailsWriter.lo
odf/exp/xp/ODe_Table_Listener.cpp: In member function 'virtual void ODe_Table_Listener::openTable(const PP_AttrProp*, ODe_ListenerAction&)':
odf/exp/xp/ODe_Table_Listener.cpp:154:29: warning: comparison of integer expressions of different signedness: 'UT_sint32' {aka 'int'} and 'std::vector<ODe_Style_Style*>::size_type' {aka 'long unsigned int'} [-Wsign-compare]
  154 |                     if (cnt >= vecStyles.size())
      |                         ~~~~^~~~~~~~~~~~~~~~~~~
odf/exp/xp/ODe_Table_Listener.cpp: In member function 'void ODe_Table_Listener::_buildTable()':
odf/exp/xp/ODe_Table_Listener.cpp:343:37: warning: comparison of integer expressions of different signedness: 'UT_sint32' {aka 'int'} and 'std::vector<UT_UTF8String*>::size_type' {aka 'long unsigned int'} [-Wsign-compare]
  343 |     for (i=0; (i<m_numColumns) && (i<columnStyleNames.size()); i++) {
      |                                    ~^~~~~~~~~~~~~~~~~~~~~~~~
odf/exp/xp/ODe_Table_Listener.cpp:354:34: warning: comparison of integer expressions of different signedness: 'UT_sint32' {aka 'int'} and 'std::vector<UT_UTF8String*>::size_type' {aka 'long unsigned int'} [-Wsign-compare]
  354 |     for (i=0; (i<m_numRows) && (i<rowStyleNames.size()); i++) {
      |                                 ~^~~~~~~~~~~~~~~~~~~~~
odf/exp/xp/ODe_Table_Listener.cpp:372:16: warning: comparison of integer expressions of different signedness: 'UT_sint32' {aka 'int'} and 'std::vector<ODe_Table_Cell*>::size_type' {aka 'long unsigned int'} [-Wsign-compare]
  372 |     for (i=0; i<m_cells.size(); i++) {
      |               ~^~~~~~~~~~~~~~~
  CXX      odf/exp/xp/ODe_TOC_Listener.lo
  CXX      odf/imp/xp/ie_imp_OpenDocument.lo
  CXX      odf/imp/xp/ie_imp_OpenDocument_Sniffer.lo
  CXX      odf/imp/xp/ODi_Abi_Data.lo
  CXX      odf/imp/xp/ODi_ContentStreamAnnotationMatcher_ListenerState.lo
  CXX      odf/imp/xp/ODi_ContentStream_ListenerState.lo
  CXX      odf/imp/xp/ODi_ElementStack.lo
  CXX      odf/imp/xp/ODi_FontFaceDecls.lo
  CXX      odf/imp/xp/ODi_Frame_ListenerState.lo
odf/imp/xp/ODi_ElementStack.cpp: In member function 'void ODi_ElementStack::startElement(const gchar*, const gchar**)':
odf/imp/xp/ODi_ElementStack.cpp:69:21: warning: comparison of integer expressions of different signedness: 'UT_sint32' {aka 'int'} and 'std::vector<ODi_StartTag*>::size_type' {aka 'long unsigned int'} [-Wsign-compare]
   69 |     if (m_stackSize == m_pStartTags->size()) {
      |         ~~~~~~~~~~~~^~~~~~~~~~~~~~~~~~~~~~~
odf/imp/xp/ODi_ElementStack.cpp:74:28: warning: comparison of integer expressions of different signedness: 'UT_sint32' {aka 'int'} and 'std::vector<ODi_StartTag*>::size_type' {aka 'long unsigned int'} [-Wsign-compare]
   74 |     } else if (m_stackSize < m_pStartTags->size()) {
      |                ~~~~~~~~~~~~^~~~~~~~~~~~~~~~~~~~~~
  CXX      odf/imp/xp/ODi_ListenerStateAction.lo
  CXX      odf/imp/xp/ODi_ListLevelStyle.lo
  CXX      odf/imp/xp/ODi_ManifestStream_ListenerState.lo
  CXX      odf/imp/xp/ODi_MetaStream_ListenerState.lo
  CXX      odf/imp/xp/ODi_NotesConfiguration.lo
  CXX      odf/imp/xp/ODi_Office_Styles.lo
  CXX      odf/imp/xp/ODi_Postpone_ListenerState.lo
  CXX      odf/imp/xp/ODi_StartTag.lo
  CXX      odf/imp/xp/ODi_StreamListener.lo
  CXX      odf/imp/xp/ODi_Style_List.lo
  CXX      odf/imp/xp/ODi_Style_MasterPage.lo
  CXX      odf/imp/xp/ODi_Style_PageLayout.lo
  CXX      odf/imp/xp/ODi_StylesStream_ListenerState.lo
  CXX      odf/imp/xp/ODi_Style_Style.lo
  CXX      odf/imp/xp/ODi_Style_Style_Family.lo
  CXX      odf/imp/xp/ODi_Table_ListenerState.lo
  CXX      odf/imp/xp/ODi_TableOfContent_ListenerState.lo
  CXX      odf/imp/xp/ODi_TextContent_ListenerState.lo
  CXX      odf/imp/xp/ODi_TrackedChanges_ListenerState.lo
  CXX      odf/imp/xp/ODi_XMLRecorder.lo
  CXX      openxml/common/xp/OXML_Document.lo
  CXX      openxml/common/xp/OXML_Element.lo
  CXX      openxml/common/xp/OXML_Element_Annotation.lo
  CXX      openxml/common/xp/OXML_Element_Bookmark.lo
  CXX      openxml/common/xp/OXML_Element_Cell.lo
  CXX      openxml/common/xp/OXML_Element_Field.lo
  CXX      openxml/common/xp/OXML_Element_FieldChar.lo
  CXX      openxml/common/xp/OXML_Element_Hyperlink.lo
  CXX      openxml/common/xp/OXML_Element_Image.lo
  CXX      openxml/common/xp/OXML_Element_List.lo
  CXX      openxml/common/xp/OXML_Element_Math.lo
  CXX      openxml/common/xp/OXML_Element_Paragraph.lo
  CXX      openxml/common/xp/OXML_Element_Row.lo
  CXX      openxml/common/xp/OXML_Element_Run.lo
  CXX      openxml/common/xp/OXML_Element_Table.lo
  CXX      openxml/common/xp/OXML_Element_Text.lo
  CXX      openxml/common/xp/OXML_Element_TextBox.lo
  CXX      openxml/common/xp/OXML_FontManager.lo
  CXX      openxml/common/xp/OXML_Image.lo
  CXX      openxml/common/xp/OXML_List.lo
  CXX      openxml/common/xp/OXML_ObjectWithAttrProp.lo
  CXX      openxml/common/xp/OXML_Section.lo
  CXX      openxml/common/xp/OXML_Style.lo
  CXX      openxml/common/xp/OXML_Theme.lo
  CXX      openxml/exp/xp/ie_exp_OpenXML.lo
  CXX      openxml/exp/xp/ie_exp_OpenXML_Listener.lo
  CXX      openxml/exp/xp/ie_exp_OpenXML_Sniffer.lo
  CXX      openxml/imp/xp/OXMLi_Element_AltChunk.lo
  CXX      openxml/imp/xp/OXMLi_Element_Revision.lo
  CXX      openxml/imp/xp/OXMLi_ListenerState.lo
  CXX      openxml/imp/xp/OXMLi_ListenerState_Common.lo
  CXX      openxml/imp/xp/OXMLi_ListenerState_Comments.lo
  CXX      openxml/imp/xp/OXMLi_ListenerState_DocSettings.lo
  CXX      openxml/imp/xp/OXMLi_ListenerState_Endnote.lo
  CXX      openxml/imp/xp/OXMLi_ListenerState_Field.lo
In file included from openxml/imp/xp/OXMLi_ListenerState_DocSettings.cpp:31:
common/xp/OXML_LangToScriptConverter.gperf: In static member function 'static unsigned int OXML_LangToScriptConverter::hash(const char*, size_t)':
common/xp/OXML_LangToScriptConverter.gperf:51:59: warning: unused parameter 'len' [-Wunused-parameter]
common/xp/OXML_LangToScriptConverter.gperf: In static member function 'static OXML_LangScriptAsso* OXML_LangToScriptConverter::in_word_set(const char*, size_t)':
common/xp/OXML_LangToScriptConverter.gperf:94:10: warning: zero as null pointer constant [-Wzero-as-null-pointer-constant]
  CXX      openxml/imp/xp/OXMLi_ListenerState_FontTable.lo
  CXX      openxml/imp/xp/OXMLi_ListenerState_Footnote.lo
  CXX      openxml/imp/xp/OXMLi_ListenerState_HdrFtr.lo
  CXX      openxml/imp/xp/OXMLi_ListenerState_Image.lo
  CXX      openxml/imp/xp/OXMLi_ListenerState_MainDocument.lo
  CXX      openxml/imp/xp/OXMLi_ListenerState_Math.lo
  CXX      openxml/imp/xp/OXMLi_ListenerState_Numbering.lo
  CXX      openxml/imp/xp/OXMLi_ListenerState_Styles.lo
  CXX      openxml/imp/xp/OXMLi_ListenerState_Table.lo
  CXX      openxml/imp/xp/OXMLi_ListenerState_Textbox.lo
  CXX      openxml/imp/xp/OXMLi_ListenerState_Theme.lo
  CXX      openxml/imp/xp/OXMLi_ListenerState_Valid.lo
  CXX      openxml/imp/xp/OXMLi_Namespace_Common.lo
  CXX      openxml/imp/xp/OXMLi_PackageManager.lo
  CXX      openxml/imp/xp/OXMLi_StreamListener.lo
  CXX      openxml/imp/xp/ie_imp_OpenXML.lo
  CXX      openxml/imp/xp/ie_imp_OpenXML_Sniffer.lo
  CXX      epub/dialogs/gtk/ap_UnixDialog_EpubExportOptions.lo
  CXX      epub/dialogs/xp/ap_Dialog_EpubExportOptions.lo
epub/dialogs/gtk/ap_UnixDialog_EpubExportOptions.cpp: In member function 'GtkWidget* AP_UnixDialog_EpubExportOptions::_constructWindow()':
epub/dialogs/gtk/ap_UnixDialog_EpubExportOptions.cpp:222:59: warning: 'GtkWidget* gtk_dialog_get_content_area(GtkDialog*)' is deprecated [-Wdeprecated-declarations]
  222 |         GtkWidget * vboxMain = gtk_dialog_get_content_area(GTK_DIALOG(m_windowMain));
      |                                ~~~~~~~~~~~~~~~~~~~~~~~~~~~^~~~~~~~~~~~~~~~~~~~~~~~~~
In file included from /usr/include/gtk-4.0/gtk/deprecated/gtkappchooserdialog.h:31,
                 from /usr/include/gtk-4.0/gtk/gtk.h:43,
                 from ../../../src/af/util/xp/ut_misc.h:233,
                 from ../../../src/af/xap/xp/xap_Dialog.h:31,
                 from ./epub/dialogs/xp/ap_Dialog_EpubExportOptions.h:25,
                 from epub/dialogs/gtk/ap_UnixDialog_EpubExportOptions.h:24,
                 from epub/dialogs/gtk/ap_UnixDialog_EpubExportOptions.cpp:23:
/usr/include/gtk-4.0/gtk/deprecated/gtkdialog.h:172:13: note: declared here
  172 | GtkWidget * gtk_dialog_get_content_area (GtkDialog *dialog);
      |             ^~~~~~~~~~~~~~~~~~~~~~~~~~~
  CXX      epub/exp/xp/ie_exp_EPUB.lo
  CXX      epub/exp/xp/ie_exp_EPUB_EPUB3Writer.lo
  CXX      epub/exp/xp/ie_exp_EPUB_Sniffer.lo
  CXX      epub/imp/xp/ie_imp_EPUB.lo
In file included from epub/exp/xp/ie_exp_EPUB_EPUB3Writer.h:25,
                 from epub/exp/xp/ie_exp_EPUB_EPUB3Writer.cpp:23:
../../../src/wp/impexp/xp/ie_exp_HTML_DocumentWriter.h:142:17: warning: inline function 'void IE_Exp_HTML_DocumentWriter::_handleStyleAndId(const gchar*, const gchar*, const gchar*)' used but never defined
  142 |     void inline _handleStyleAndId(const gchar *szStyleName, const gchar *szId,
      |                 ^~~~~~~~~~~~~~~~~
  CXX      epub/imp/xp/ie_imp_EPUB_Sniffer.lo
  CXX      wordperfect/ie_imp_WordPerfect.lo
  CXX      wpg/ie_impGraphic_WPG.lo
  CXX      mht/ie_imp_MHT.lo
mht/ie_imp_MHT.cpp: In constructor 'IE_Imp_MHT::IE_Imp_MHT(PD_Document*)':
mht/ie_imp_MHT.cpp:826:20: warning: zero as null pointer constant [-Wzero-as-null-pointer-constant]
  826 |         m_document(0)
      |                    ^
mht/ie_imp_MHT.cpp: In member function 'virtual UT_Error IE_Imp_MHT::_loadFile(GsfInput*)':
mht/ie_imp_MHT.cpp:881:53: warning: zero as null pointer constant [-Wzero-as-null-pointer-constant]
  881 |                                         if (part == 0) break;
      |                                                     ^
mht/ie_imp_MHT.cpp:899:27: warning: zero as null pointer constant [-Wzero-as-null-pointer-constant]
  899 |         if (m_document == 0)
      |                           ^
mht/ie_imp_MHT.cpp: In member function 'virtual FG_ConstGraphicPtr IE_Imp_MHT::importImage(const gchar*)':
mht/ie_imp_MHT.cpp:927:37: warning: zero as null pointer constant [-Wzero-as-null-pointer-constant]
  927 |         const UT_Multipart * part = 0;
      |                                     ^
mht/ie_imp_MHT.cpp:962:21: warning: zero as null pointer constant [-Wzero-as-null-pointer-constant]
  962 |         if (part == 0)
      |                     ^
mht/ie_imp_MHT.cpp:965:32: warning: zero as null pointer constant [-Wzero-as-null-pointer-constant]
  965 |                         return 0;
      |                                ^
mht/ie_imp_MHT.cpp:973:32: warning: zero as null pointer constant [-Wzero-as-null-pointer-constant]
  973 |                         return 0;
      |                                ^
mht/ie_imp_MHT.cpp:980:32: warning: zero as null pointer constant [-Wzero-as-null-pointer-constant]
  980 |                         return 0;
      |                                ^
mht/ie_imp_MHT.cpp:985:32: warning: zero as null pointer constant [-Wzero-as-null-pointer-constant]
  985 |                         return 0;
      |                                ^
mht/ie_imp_MHT.cpp:988:32: warning: zero as null pointer constant [-Wzero-as-null-pointer-constant]
  988 |         IE_ImpGraphic * pieg = 0;
      |                                ^
mht/ie_imp_MHT.cpp:992:32: warning: zero as null pointer constant [-Wzero-as-null-pointer-constant]
  992 |                         return 0;
      |                                ^
mht/ie_imp_MHT.cpp:994:21: warning: zero as null pointer constant [-Wzero-as-null-pointer-constant]
  994 |         if (pieg == 0) return 0;
      |                     ^
mht/ie_imp_MHT.cpp:994:31: warning: zero as null pointer constant [-Wzero-as-null-pointer-constant]
  994 |         if (pieg == 0) return 0;
      |                               ^
mht/ie_imp_MHT.cpp:1002:32: warning: zero as null pointer constant [-Wzero-as-null-pointer-constant]
 1002 |                         return 0;
      |                                ^
mht/ie_imp_MHT.cpp: In member function 'UT_Error IE_Imp_MHT::importHTML4()':
mht/ie_imp_MHT.cpp:1052:20: warning: zero as null pointer constant [-Wzero-as-null-pointer-constant]
 1052 |         setParser (0);
      |                    ^
mht/ie_imp_MHT.cpp: In member function 'UT_Multipart* IE_Imp_MHT::importMultipart(UT_MHTStream&)':
mht/ie_imp_MHT.cpp:1103:21: warning: zero as null pointer constant [-Wzero-as-null-pointer-constant]
 1103 |         if (part == 0) return 0;
      |                     ^
mht/ie_imp_MHT.cpp:1103:31: warning: zero as null pointer constant [-Wzero-as-null-pointer-constant]
 1103 |         if (part == 0) return 0;
      |                               ^
  CXX      wmf/ie_impGraphic_WMF.lo
mht/ie_imp_MHT.cpp: In constructor 'UT_Multipart::UT_Multipart()':
mht/ie_imp_MHT.cpp:1134:20: warning: zero as null pointer constant [-Wzero-as-null-pointer-constant]
 1134 |         m_location(0),
      |                    ^
mht/ie_imp_MHT.cpp:1135:14: warning: zero as null pointer constant [-Wzero-as-null-pointer-constant]
 1135 |         m_id(0),
      |              ^
mht/ie_imp_MHT.cpp:1136:16: warning: zero as null pointer constant [-Wzero-as-null-pointer-constant]
 1136 |         m_type(0),
      |                ^
mht/ie_imp_MHT.cpp:1137:20: warning: zero as null pointer constant [-Wzero-as-null-pointer-constant]
 1137 |         m_encoding(0),
      |                    ^
mht/ie_imp_MHT.cpp: In member function 'bool UT_Multipart::insert(const char*, const char*)':
mht/ie_imp_MHT.cpp:1155:23: warning: zero as null pointer constant [-Wzero-as-null-pointer-constant]
 1155 |         if (( name == 0) || ( value == 0)) return false;
      |                       ^
mht/ie_imp_MHT.cpp:1155:40: warning: zero as null pointer constant [-Wzero-as-null-pointer-constant]
 1155 |         if (( name == 0) || ( value == 0)) return false;
      |                                        ^
mht/ie_imp_MHT.cpp:1159:26: warning: zero as null pointer constant [-Wzero-as-null-pointer-constant]
 1159 |         if (new_value == 0) return false;
      |                          ^
mht/ie_imp_MHT.cpp: In member function 'const char* UT_Multipart::lookup(const char*)':
mht/ie_imp_MHT.cpp:1225:22: warning: zero as null pointer constant [-Wzero-as-null-pointer-constant]
 1225 |         if ( name == 0) return 0;
      |                      ^
mht/ie_imp_MHT.cpp:1225:32: warning: zero as null pointer constant [-Wzero-as-null-pointer-constant]
 1225 |         if ( name == 0) return 0;
      |                                ^
mht/ie_imp_MHT.cpp:1226:32: warning: zero as null pointer constant [-Wzero-as-null-pointer-constant]
 1226 |         if (*name == 0) return 0;
      |                                ^
mht/ie_imp_MHT.cpp: In member function 'bool UT_Multipart::append(const char*, UT_uint32)':
mht/ie_imp_MHT.cpp:1238:22: warning: zero as null pointer constant [-Wzero-as-null-pointer-constant]
 1238 |         if (m_buf == 0) return false;
      |                      ^
mht/ie_imp_MHT.cpp:1240:24: warning: zero as null pointer constant [-Wzero-as-null-pointer-constant]
 1240 |         if ((buffer == 0) || (length == 0)) return true; // ??
      |                        ^
  CXX      gtk/ie_exp_PDF.lo
  CXX      gtk/ie_impexp_RegisterUnix.lo
  CXX      gtk/ie_impGraphic_GdkPixbuf.lo
In file included from ../../../src/af/util/xp/ut_stringbuf.h:33,
                 from ../../../src/af/util/xp/ut_string_class.h:43,
                 from ../../../src/wp/impexp/xp/ie_exp.h:33,
                 from gtk/ie_exp_PDF.h:24,
                 from gtk/ie_exp_PDF.cpp:27:
../../../src/af/gr/xp/gr_RenderInfo.h: In member function 'UT_uint32 GR_Itemization::getNthLength(UT_sint32)':
../../../src/af/gr/xp/gr_RenderInfo.h:143:75: warning: comparison of integer expressions of different signedness: 'UT_sint32' {aka 'int'} and 'std::vector<int>::size_type' {aka 'long unsigned int'} [-Wsign-compare]
  143 |                                                   UT_return_val_if_fail(i < m_vOffsets.size()-1, 0);
      |                                                                         ~~^~~~~~~~~~~~~~~~~~~~~
../../../src/af/util/xp/ut_assert.h:108:48: note: in definition of macro 'UT_return_val_if_fail'
  108 | #define UT_return_val_if_fail(cond, val) if (!(cond)) { UT_ASSERT(cond); return (val); }
      |                                                ^~~~
  CXXLD    libimpexp.la
make[3]: Leaving directory '/home/szefi/Documents/exp-abi/src/wp/impexp'
Making all in test
make[3]: Entering directory '/home/szefi/Documents/exp-abi/src/wp/test'
make[3]: Nothing to be done for 'all'.
make[3]: Leaving directory '/home/szefi/Documents/exp-abi/src/wp/test'
make[3]: Entering directory '/home/szefi/Documents/exp-abi/src/wp'
make[3]: Nothing to be done for 'all-am'.
make[3]: Leaving directory '/home/szefi/Documents/exp-abi/src/wp'
make[2]: Leaving directory '/home/szefi/Documents/exp-abi/src/wp'
make[2]: Entering directory '/home/szefi/Documents/exp-abi/src'
  CXX      wp/main/gtk/abinova-UnixMain.o
  CXX      wp/main/xp/libabinova_4.0_la-abi_ver.lo
  CXX      wp/main/gtk/libabinova_4.0_la-libabinova.lo
  CC       libabinova_4.0_la-abi-resources.lo
wp/main/gtk/libabinova.cpp: In function 'void libabinova_init_noargs()':
wp/main/gtk/libabinova.cpp:59:40: warning: ISO C++ forbids converting a string constant to 'char*' [-Wwrite-strings]
   59 |                 static char *argv[] = {"libabinova", nullptr};
      |                                        ^~~~~~~~~~~~
  CXXLD    libabinova-4.0.la
  CXXLD    abinova
make[2]: Leaving directory '/home/szefi/Documents/exp-abi/src'
make[1]: Leaving directory '/home/szefi/Documents/exp-abi/src'
